game_year,tournament,black_player,white_player,black_score,depth,theoretical_score,record
2021,Australian National,William Joanna,Hughes Scott,28,24,29,f5d6c4g5c6c5d7d3b4c3e3b5f6f3c2a4d2b6b3e2a3c7g6f4c8a2e6c1a6d8e8e7f8g4f7h6d1e1g3f2h4h5h3h2g1b7g7g2b8a8a7g8h1f1h7a5b2b1a1h8
2021,Beijing Open,Bi Wenyuan,Wang Wuquan,15,24,15,f5d6c6f4f3e3d3e2e6c4e1g4c3d2d1c1b1c2h4f6c5g6h7d7d8g5e7c8b8c7e8f8g8f7g3b6a6b3a3f1g1f2b5h6h5h3h2b7a7a8g7g2h8h1a1a5b4a4a2b2
2021,Beijing Open,Chen Xun,Wang Wuquan,54,24,42,f5d6c3d3c4f4f6b4f3e6e3f2d2g3g5h5g6e7f1c2f7h6c5d1h3c6c7d7c8d8b5a6b6e2e8f8g8a7e1g1g2h4g4g7a5a4a3a2b3h2h1b8a8b2b7c1b1a1h7h8
2021,Beijing Open,Chen Xun,Zhu Linyun,35,24,34,f5d6c3d3c4f4f6g5e6c5f3b5b4f7e7e3d2a4e2b6b3c2g4e1c1g6h5h4h3f1f2g1a6a5h6c6a3c7e8g7h8g3c8d8d7b7b1h7a7d1g8f8h1h2g2a2a8b8b2a1
2021,Beijing Open,Chen Xun,Chen Kai,35,24,37,f5d6c3d3c4f4f6g5e6d7c7e7e3c6c5b6f8f3f7e8d8b5b4a3a6a5g4c2e2g6h5h3d2h7b7c8b8a8a7g8a4b3b1f1b2a1a2e1f2g1g2h1h4d1c1h6h2g3h8g7
2021,British Nationals,Hand David,Leader Imre,38,24,37,f5d6c3d3c4f4f6f3e6e7d7g6d8c5c6c7c8f7g8b5b6b4a3a4e3a6b3e2d2f2e1f8e8b7g5g3g4h5h3h4h6f1g1g7h8d1c2c1b1h7g2h1h2a1b2a2a7a8b8a5
2021,Campeonato Argentino,Perez Rafael,Chiesa Nicolas,60,24,52,f5f4e3f6d3c4f3e6g4h3c5g3c3f2c6b3d2c1e2d1e1f1c2b1a3b5b6b4d6a4a5a7f7f8g6h5h6h7g5e7h4c7h8g7g8d7h2g2c8d8h1a6g1a2e8b8a1a8b7b2
2021,Campeonato Argentino,Garcia Leandro,Dottore Matias,54,24,57,f5f6e6f4e3c5g5h5d6f3c4b4d3c7d7c6e7d8b5a5g6h6g4h4e8f8f7c2c3d2b3a3e2e1f2f1a6b6c8b8c1b2b1a7a4a2a8d1g1g2b7g8a1g7h1g3h3h2h7
2021,Campeonato Argentino,Lucioli Juan Pablo,Roldan Matias,61,24,54,f5f4e3f6d3c5d6d2e2c7e6d7f7c3c6b5c4c2b4f1a6f3b6f8f2e7b3a4c8g1d1b2a3b8a5d8e8b7a8c1g8e1a7a1a2b1g7g6h6h7h8h5g5g3g4h4h3h2h1g2
2021,Campeonato Argentino,Olivares Daniel,Olivares Diego,55,24,60,f5f4e3f6d3d2e2f2f1c4c1c5g1c2d6e6b1c3b3c6d7e7f3d8b4e1d1a2a4b2b5g2b6a6a5a3a1a7b7g6c7a8h6f8g5b8c8e8f7g7g8h8h7h5g4h4g3h3h2h1
2021,Campeonato Argentino,Lisnovsky Marcelo,Rondina Liliana,38,24,47,f5f6e6f4e3d6e7f3c3e8g4h3g6h6c5d3c7c6d2g3d7c4g5d8b5c8f8g8f7b3b6b4a4a6e2c1a5a3f2f1a7a8b8b7h8h7g7h5h4h2g2h1g1e1d1b1c2b2a2a1
2021,Campeonato Argentino,Iturbide Paula,Chaufan Leonardo,50,24,55,f5d6c5f4e3d3e6f3c4f6e7c6f7e8g5f8c3g6d7h5g4d8b6a6c8h4g8c7b5a5b4a4b8b3g3h3h7b7a3a2e2f1a8f2a7h6h2g2h1g1a1e1d1c1d2c2b1b2g7h8
2021,Campeonato Argentino,Thierer Sebastian,Furno Ricardo,16,24,15,f5d6c3f4f6d3c4f3e6c6c5e7e3g4f7d7g5g3e8h6h5h4f2g6h3d8h7f8c8b8c7b6b5a4a6b4a5a7b7a3b3a2b2a8g8h8g7g2e2a1c2f1d1b1h1d2g1e1c1h2
2021,Campeonato Argentino,Bilinkis Mariano,Coll Pablo,24,24,39,f5d6c3d3c4f4c5b3c2e3d2c6b4b5f2e2f3e1c1f6e6g5g4g6f7h4h6h5h3e7e8f1g3d7d1b1c8d8a3a4b2g8f8a5h8b6c7h7g7b7g2g1a8b8h1a1h2a2a6a7
2021,Campeonato Argentino,Seifert Max,Cohen Mercedes,36,24,45,f5f6e6f4c3c4d3c5d6e3f3f2e2c2d2f7e7f8c7f1e1d1c6d7e8d8c8b8b1b3a3b4a4b5a5b6a6b7g4h3a8a7g8g3h4h5g5h6g2g6g1h1g7h7h8b2c1a1a2h2
2021,Campeonato Argentino,Furno Ricardo,Lucioli Juan Pablo,17,24,25,f5d6c4d3c5f4e3f3f6e6d2c2e2c6g3g5g4b4h6b3g6c3e7f8b5d1a4a3d8a6a2f1e1h4h3h2c7b6c1f2g1f7e8c8d7b7g7a5a7a8b8a1g8h8g2h7h1h5b1b2
2021,Campeonato Argentino,Martinez Norberto,Perez Rafael,3,24,15,f5f6e6f4g5e7d7d6c5c6g3g6d8g4h4f7h3h5e3f3c4d2d3b5h6f8a4b6c7a5d1a3b4e8a6c8a2f2e2e1f1b8g8h8b7a8a7a1g7b3c3h7g2h2h1g1c2b2c1
2021,Campeonato Argentino,Coll Pablo,Olivares Daniel,5,24,11,f5f6e6f4g5g6g4e7e3f3f7h6e8h3g3d6h4h5c3c4c7c6b3c5b4b6d3c8b5a5a7d7g7a6a4h2d8h7b8h8g8f8g2a8b7g1h1f1e1f2e2d2c2d1b1b2a3
2021,Campeonato Argentino,Lisnovsky Marcelo,Garcia Leandro,7,24,15,f5d6c5f4e3c6d3f6e6f3c4b5d7c7b6e8g4g5a6e7h5g3e2h6f7h4f8f2h3h2f1d1d2d8c8c3b4c1c2b3g6a4a2h7g2a5a3h1b2g1e1b7a7a8b8a1b1g7g8h8
2021,Campeonato Argentino,Seifert Max,Iturbide Paula,29,24,28,f5d6c3d3c4f4f6b4c5e6e2c6e3b5f3b3a3d2a4g4c1g3c2e1g6g5h6f2h3f7f8a5g1h5h4f1d1a2b2g2d7c7h1e8a6a7b6h2b8e7d8c8b7a8g8g7h7h8b1a1
2021,Campeonato Argentino,Cohen Mercedes,Dottore Matias,49,24,60,f5f6c4c3d3c5e6f3e3f4d6c6d7e8e7d8g4e2d1h4d2c2b4a3c1f1a5g3b5g5h6a6a7b3h2g2g6g7h1f2h8f7h7b6g8h5h3g1e1b1f8c8c7b8b7a8a4b2a2a1
2021,Campeonato Argentino,Rondina Liliana,Olivares Diego,52,24,18,f5f4f3d6c3d3e3d2c6b6d1g3f6f2g1f1e1c4c5b4h3e6a7e2a4b5e7b3a3c2c1g6d7e8h6g4g5c7b8b7d8f7f8g2c8b2a8g7h2h4h5g8h1h7h8a1a2b1a5a6
2021,Campeonato Argentino,Chiesa Nicolas,Bilinkis Mariano,16,24,8,f5d6c4d3c5f4e3f3f6e6c6c3f2e2f1b4a3a5d2c2b3e1d1b5b6b1c1g1a6a4a2b2a1a7b7a8b8c8c7d8d7e7f8e8g6h7f7g7h5g5g4g3g2h2h1g8h8h6h4h3
2021,Campeonato Argentino,Roldan Matias,Thierer Sebastian,12,24,0,f5f6d3g5e6d6d7c6c7c5f4d8h6c8b5e3e8f8e7f7f3h4g6g4h5h7b8a8g7g8h3g3a5c4h8a4a3b7b6h2g2h1e2f2g1b4c3b3c2c1d2f1e1d1a7a6b2a2a1b1
2021,Campeonato Argentino,Chaufan Leonardo,Nakasone David,22,24,16,f5d6c5f4d3e3f6e6f3c4c3g5h6g6d7g4h3e7f8d8f7c6b5c8h4h5c7b6a6g3f2e2f1d2d1e1g2c1c2a5a4h1g1b4a3b3a2h2a7h7g7h8g8e8b2a1b1a8b8b7
2021,Campeonato Argentino,Perez Rafael,Garcia Leandro,42,24,33,f5d6c3d3c4f4c5b3c2b4e3e6c6g4g6f6d7b5e7f7b6c8d8f8e8c7g3d2c1f2h4g5f3e1f1d1h5h6a5a6e2h3b7b8a8a7a4a3g7g8h8h7h2g2a2b2g1h1b1a1
2021,Campeonato Argentino,Olivares Daniel,Lucioli Juan Pablo,14,24,28,f5d6c5f4e3c6d3f6e6d7g4g3e7c7c4f8g5f3g6b5d8h4b4e8g8f7a5b3c3e2d2a4a3b6e1f2f1c1d1g1h3h5a6b7a8c2h6g7h7h8b1a1g2c8b8h2b2h1a2a7
2021,Campeonato Argentino,Iturbide Paula,Furno Ricardo,38,24,48,f5d6c5b6c4c3b5e6c6d3e3f6b4f4d7d2c2c7e7c8d8a4a3e2a6b3a5e8f8g8f7g6d1e1f1b1g5f2h6g4g1h4h5h7f3g3h2b7a7g2c1h1h3b2h8a8b8g7a2a1
2021,Campeonato Argentino,Lisnovsky Marcelo,Seifert Max,40,24,48,f5d6c5f4e3c6d3f6e6d7g3c4g5c3f7g6e7d2h6f8d8f2c8f3c7h3g4h4h5h7b6a6b5a5e2f1b4a4e1d1c1c2g1e8g8g2b3a3h1h2h8g7b2b8a2a1b1a8b7a7
2021,Campeonato Argentino,Coll Pablo,Rondina Liliana,34,24,50,f5f4e3f6d3c3c4f3g4c6d6e6g5g3e7h3f7h6c5g6d7f8c7e8d2c1c2d8e1b1e2c8b3a3b4a4g7f2f1g2a5a6b2g8h8h7b5a1a2d1h1g1h2h4h5b6b8b7a7a8
2021,Campeonato Argentino,Thierer Sebastian,Cohen Mercedes,46,24,49,f5f6e6f4g5h4e3c5c4d3c3d6c6d2e1c1e2c2f2f3d1f1d7b4b3a3e7f7b5a6a4a5b6a7g6h7g4f8c7e8c8g3h6h5d8b8h2g7g2h1h3g1h8g8a8a2b2b7b1a1
2021,Campeonato Argentino,Bilinkis Mariano,Martinez Norberto,42,24,40,f5f6e6f4e3d3f3d2e2g3c3c4d1c5d6f7f2c2g4g5e7c6d7e8g6h5h6h7c8c7f8g8h4h3b4b5d8b8b3a4a3a2a6b6a7e1c1b1g1f1a1a5b2a8b7g7h8h2g2h1
2021,Campeonato Argentino,Dottore Matias,Nakasone David,22,24,15,f5d6c6f4f3e3c4d3c5e6f6g4c3e7d8g5h4h3h2g3h5f7g8b4g6c2c1d2d1b6a6f2e1g7a5b3e2h6a3h1h8d7c7g1b5g2h7c8b8a4f1b1b7a8a7b2a1a2e8f8
2021,Campeonato Argentino,Olivares Diego,Chaufan Leonardo,13,24,27,f5d6c4d3c5f6e6f4g6c6b6b5b4a4b3a6c3e7a5h6f7f8a3a2e2d2d1e1f1f2c2e3g2d7g4h3h4h5d8g5e8c8g7h8g8h7c7f3g3h1h2g1b2b7b8a8a7a1b1c1
2021,Campeonato Argentino,Roldan Matias,Chiesa Nicolas,29,24,23,f5f4e3f6c4d3f3c5c6c3e6d6g4h4h5h6c2h3e2e1d1c1f2d2g5g6g3h2d7f1f7b1g2f8g7b5a5d8e8e7b4c8c7a4a3a6b3h8h7h1g1g8a1b6b2a2a7b7b8a8
2021,Campeonato Argentino,Lucioli Juan Pablo,Perez Rafael,18,24,20,f5f6e6f4e3c5g5f3g6d3g4h4f2g3c4c6d2c3c2d7h3h5e7h2d6c7d8f1b2e2e1b3a2b4b7f8b6a3a5a1a4b5a6b1h6h7g7h8g8f7g2d1c1a8e8a7b8c8g1h1
2021,Campeonato Argentino,Garcia Leandro,Iturbide Paula,22,24,20,f5d6c3d3c4f4c5b4c6e6e7b5d7f6b3c2a5f7e2a4a3d2g6a6a7b6c7d8g5g4f3e3f2g3h4e1f8e8c8h6f1d1g2b2h5h3h2h1g1h7a1a2b1c1g7h8g8b8b7a8
2021,Campeonato Argentino,Thierer Sebastian,Olivares Daniel,40,24,27,f5f6e6f4g5g6g4e7f3d6f7h5h4h3h7e3g3h2d8f2d7f8e8c8d3c3e2f1c7d2e1g2c6g8d1h6h1g1b3c2c1c4b4b8c5b2a2a1b1a3b6b5a6a5a7a8b7g7h8a4
2021,Campeonato Argentino,Bilinkis Mariano,Lisnovsky Marcelo,33,24,39,f5d6c5f4e3c6f3c3d3c4e6d2c1e1b5b6b4a3e2a4d7e8c8g4b3c7f6g5c2f2g6f1h5f7e7f8d8b8h4h3g3h6d1b1b2a1a2h2g2h1g1h7h8a5a6b7a8a7g8g7
2021,Campeonato Argentino,Nakasone David,Coll Pablo,47,24,32,f5d6c3d3c4f4c5b3c2e3d2c6b4b5e2e6f3f2a3d1c1e1a4a5a6b6f1g4h5h3g6f6g5g3f7h7e7d7d8c7c8f8e8b8g7a2a1b1a7h8g8g2a8b7h2h1g1h6h4b2
2021,Campeonato Argentino,Furno Ricardo,Chaufan Leonardo,49,24,47,f5d6c4d3c5f6e6f4c6e7e3f3f7c3d7d8g6b4c8f8b3a3b5a6a4a5g4h4f2f1e2d1g5g3d2h6h3c2c1c7e8b8h5b6h7b1e1g2a1b2a2h2h1g7a7b7g1a8g8h8
2021,Campeonato Argentino,Martinez Norberto,Seifert Max,24,24,31,f5f6e6f4e3c5b6f3g6c3g4g5g3h3d6e7h4c6f7c4d3h6h5f8d8a6b5d7c7f2e1d2e2c2d1c1b4a3c8b3b1g1e8b8g7g8b2h2h1f1g2a1h7a2b7a8a7h8a4a5
2021,Campeonato Argentino,Rondina Liliana,Cohen Mercedes,43,24,28,f5f6f7f4f3d6c3d3e3g4c6f8h4f2e6e7f1c5c4g5h5d2c1e2c2g3h3b4a4b5d8b3d7g6h6c7a3d1e1b2c8e8g8g2b1g7a1a2b6a6h8h7g1b7a8a5a7b8h1h2
2021,Campeonato Argentino,Chiesa Nicolas,Dottore Matias,44,24,36,f5f6e6f4e3c5c6d3c4d6c3d2f3e2d1b6e7f8c7f2a6b5g6c8a5b4a4c2b3c1b1f7e1f1g1h6e8d8d7b2g2g4h5h4g5a2a1g3a3h1g7a7a8b7b8h7g8h3h2
2021,Campeonato Argentino,Olivares Diego,Roldan Matias,24,24,28,f5d6c4d3e2f6f7f3f4e3d7c6b6e1c5e6d2c3c2c7c8d8c1a5e8e7f2b5a6a4a3b4b3g6d1f8g8f1g3h4g5b1g4h3b8h5h6h7b7a8g1h8a1a2a7g7g2b2h2h1
2021,Campeonato Argentino,Perez Rafael,Iturbide Paula,57,24,52,f5d6c3d3c4f4c5b4b3b5c6e6a6a5e3c2a4e2d7c7b6d8c1a2f6e7d2e1d1b1a3a7f3g6f2g5h5f1g4h6g3h4g2h3h1h2h7g7h8g8f8f7g1a1b2b8c8e8a8b7
2021,Campeonato Argentino,Lucioli Juan Pablo,Thierer Sebastian,34,24,34,f5f6e6f4g5e7f7d6d8h6h4g6c4h5c5h3d3f8e3d2e2f2g3f3f1d1c1b1g4e8g8c2g2c3e1d7a1h1h2g1c7b4g7c6a4c8b5b6b3a2b2a3b8a5a6a7a8b7h7h8
2021,Campeonato Argentino,Nakasone David,Bilinkis Mariano,29,24,32,f5d6c3d3c4f4c5b3c2e3d2c6b4a3b5a4e7e2g4f3b6c7g3f2a6h3e6e1d7f6f1d1c1a5a2b7g5h5g1b2h4h6g6g2d8b8a1b1h1h2a8c8e8a7f7g8f8h7h8g7
2021,Campeonato Argentino,Coll Pablo,Garcia Leandro,21,24,16,f5d6c3d3c4f4c5b3c2b4e3e6c6g4g3d2e2f6h4b5b6d7g5f3f2h6h5g6a5a3a4a6c7e7h7a2c8f7f8f1d1b1e1c1e8d8b8g1b2h3h2g7h8g8b7a1g2a8a7h1
2021,Campeonato Argentino,Furno Ricardo,Lisnovsky Marcelo,30,24,24,f5d6c4d3c3f4e3f3g3f2g4e2d2c5e6c6f6c1d7h3b4h4e1b3c2a4a5f1g1a6a3a2b5g6g5f7e7h5f8d8e8b2c8d1h6h1a1b1a7b6c7b7g2h7a8b8g7h2g8h8
2021,Campeonato Argentino,Olivares Daniel,Rondina Liliana,40,24,43,f5f6e6f4e3d6c4f3g4d3e2e1d2d1c5c3c6h4c1b1c2b5b6a6d7f2b4d8g3a3h5h6g5h3g1h2g6b3a4a5c7c8b7a8a7h7b8g2h1f1h8a1g7f7f8g8e8e7a2b2
2021,Campeonato Argentino,Seifert Max,Chiesa Nicolas,48,24,53,f5f4e3d6e6f6c4d3c5f3g4c3c6h3d2g3d7c1c2d8e1c7e2f2h4h5g5h6b3a3g6h7g2h1h2g1h8f1d1g7g8f8f7e7e8c8b8b7b5b4a8a7a6b6a5a4b2b1a2
2021,Campeonato Argentino,Chaufan Leonardo,Cohen Mercedes,27,24,34,f5f6e6f4d3d6f3e3g4c5g6h6c4g5c6h3h4h5e2g3e7c3d2e8f7f8f2f1b3e1g8a3d8d1d7b4c2b5a5c1b6a7c7b8g2g7b2b1h8h7h2a1a2a4b7c8a8a6h1g1
2021,Campeonato Argentino,Roldan Matias,Martinez Norberto,21,24,36,f5f6d3e3f7c4b5c5c6b4a3a5a4a2f3e2d1f1b3a6f4d6e6e7b6c3f2g5c7g4d2d8c8d7h4c2e8f8g8c1g6e1g3h6h5h3g2h1h2g1b7a8a7b8a1h8h7g7b1b2
2021,Campeonato Argentino,Dottore Matias,Olivares Diego,40,24,31,f5f4f3d6c6b6c3d3c4b3b4a5c5b5a3e3e7e6c2a4a6c1d2d1f6f2f1e8e2g6f7g5h6d7g4c7c8e1b1h4f8d8a2b2h5h7g7h8g8b7a1g2g3h3g1h2b8a8a7h1
2021,Campeonato Argentino,Bilinkis Mariano,Perez Rafael,26,24,34,f5f6e6f4e3c5c4e7c6e2f3d3g4g5c3d2f1c2f2d6e1d1c1h3d7c8g3b6c7b4b5d8a4a5h5a3h6g2a6h4h1h2b3a7f8e8b8a2b2a1g6f7b1g1g8g7h8h7b7a8
2021,Campeonato Argentino,Iturbide Paula,Lucioli Juan Pablo,39,24,31,f5d6c5f4e3c6d3f6e6d7g3c4b4b3b5c3b6a3a4a6a2d2g5f2e2g4d1f3c2h6h4e1d8c1h5g6h7e7c7e8f8a5a7b2a1b1c8f7f1h3h2g2g8b7h1g1g7h8b8a8
2021,Campeonato Argentino,Garcia Leandro,Olivares Daniel,21,24,26,f5d6c3d3c4f4c5b4c6e6e7d7e2b3b5a5f6c7e3c2d8d2f2f3g3g4h3e1b6g5c1h5d1f1h6h4g6f7a6c8b8a4a3b1e8b2h2h1g1g2a1h7f8a2g7h8g8a8b7a7
2021,Campeonato Argentino,Nakasone David,Seifert Max,39,24,32,f5d6c3d3c4f4c5b3c2e3d2b4b5e6a4e2a3a6a5a2f1c6g4f3f6g3g5f2h3e1d1h5h4h6h7c1b1g2d7c7g6d8e7e8f7b6c8f8b7b2g7h8g8a7a1a8b8h2h1g1
2021,Campeonato Argentino,Thierer Sebastian,Lisnovsky Marcelo,30,24,37,f5d6c3d3c4f4f6g5e6c5f3e3g4b5e2f7d2g6h5h3g3f2e1h6h7c2e7d8f8c1e8g8d1f1d7c8b4a4b3a3a5a6b6c6c7b7h4h8a7a8b8g7g2h1h2a2b2g1a1b1
2021,Campeonato Argentino,Rondina Liliana,Furno Ricardo,20,24,21,f5d6c5f4f3e3c4d3c3b5f6b3a3c2c6a4a5b4e7e6c1d7a2f7d8b6a6f2g8c8b8c7g3e2g4g5h5g6h6h4h3e8f8b7e1g2h2h1g1h7a8f1g7d1d2b1a7h8a1b2
2021,Campeonato Argentino,Chiesa Nicolas,Martinez Norberto,34,24,30,f5f6c4c3e6f4d3b4e3f2a4d6f3e2f1g3h3d2e1c1c5b5c6b3a3a6b6c7c8c2d7d8e8a5a7b2e7f7d1g1g4g5h4h5h6b1a1a2h1a8g6b7b8g2h2f8g8h8g7h7
2021,Campeonato Argentino,Chaufan Leonardo,Coll Pablo,14,24,1,f5d6c6f4f3c5c4d3e3c3e6d7c7b4d8f6b3e7a5g5b5b6h5e8f7f8a6c8b7e2f1g8f2b8g7a8a7a4a3a2b2a1b1c1d2c2d1e1g1g2h1h2h3g3h7h8h6h4g4g6
2021,Campeonato Argentino,Cohen Mercedes,Olivares Diego,39,24,59,f5f4e3f2f3d6f1e6d3d2c5e2c1c4c2b6c6c7b4c3c8b3a3b5a6g4h4h3h2b2g3b7h5g2d1d8e8g5h6g6b1e1h7a1d7f6b8g1h1e7f8f7g8a4a5a7a8g7h8a2
2021,Campeonato Argentino,Dottore Matias,Roldan Matias,18,24,28,f5f6d3f4e6c5d6c3g3f3g5e3b3c6d7d8b5c4f7a5a6a4a3b4e7b6c7e8c8b8g4h5h6g6h4h3h2f8g7c2b2f2g1e2f1e1d1d2b7c1b1a1a2h1g2g8h8h7a8a7
2021,Campeonato Argentino,Perez Rafael,Olivares Daniel,39,24,34,f5f6e6f4e3c5g5g4g6d7f3g3d3f2c4b4d2c2c3d6e7d1b3b5a4a5e2c6h4f8h3f7c8c7a6b6a7a3a2h6h5h2b8f1e8d8g8b2a1b1c1e1g1g2h1g7h8h7b7a8
2021,Campeonato Argentino,Iturbide Paula,Bilinkis Mariano,43,24,46,f5d6c5f4e3c6d3g5e6f6g4c4b4b3b5h3h6h4g6g3f3f2h5e2d2c3c2a3a5a6a4c1h2b2c7g2h1g1f1e1d1d7f7g7e7f8b6b1h8c8a1a2h7g8e8d8b8a7a8b7
2021,Campeonato Argentino,Lucioli Juan Pablo,Lisnovsky Marcelo,42,24,40,f5d6c5f4e3c6d3f6e6d7g3c4b4b3g5c3b5d2e2a5a4a3b6g4f3c2d1f1e1c7a7h6h4c1f2h5c8h3e8a6a2d8e7f7g7g6g8f8h8h7h2g1b7a8b8a1b2g2b1h1
2021,Campeonato Argentino,Garcia Leandro,Nakasone David,48,24,45,f5d6c3d3c4f4c5b3c2e3d2c6b4b5a6a5a3e2a4d1f1c1e1f3b1e6b6b2c7c8d7f7f6d8e7g6e8f8h6g5f2h5h4b7g4h3a8a7h2g3a1a2b8g2g1h1h7g7g8h8
2021,Campeonato Argentino,Coll Pablo,Thierer Sebastian,14,24,18,f5f6e6f4g5e7e3g6d3c5d6c6b5f3g4h4h6h3d7c8f2b6f7g3d8c7h7h5h2c4b3e8c3f8a6b4a5f1e2c2d2c1g1e1g2h1d1h8g8g7b8a8b1a1b7a7a4b2a2a3
2021,Campeonato Argentino,Seifert Max,Rondina Liliana,52,24,44,f5d6c3f3d3f4f6c4e3b3e2d2c5d1b4a4c2c6e6c1b5f7a3a2f1a5g6h7a6a7g4b6f2h4g5g3f8e8d8e7h3h2d7c8b8g2e1g1c7b7a8a1b2b1h1h5g8g7h6h8
2021,Campeonato Argentino,Furno Ricardo,Chiesa Nicolas,50,24,48,f5f4g3d6d3f3f2g4e3f1c4h3g5c3h4h5e2b4c5e1a4a3a2b3e6d2b5f6c2a6g6a5a7h6d1c1b6c6b7f7f8a8e7d7d8e8c8b8c7g2g1h1h2h7g7b2a1b1g8h8
2021,Campeonato Argentino,Cohen Mercedes,Roldan Matias,49,24,53,f5d6c3f3e3f4e6d2c5c6d3f6d1c1b1b5e1c2e2f1g1b3f2c4a5b4a2b6a6a4a3g2h1g4a7h2h3b2g3b7h4g5h5g6h6c7a1f7a8d7b8e7c8d8e8g8f8h7h8g7
2021,Campeonato Argentino,Olivares Diego,Martinez Norberto,45,24,61,f5d6c5f4f3e3d7c6d3e6f6d8f7g3h3e7g4d2c1h4e8f8c4d1h5b5g5c3g6h6h7g7b6c7h8a5c2b1g8e2c8b4b2f2b3b7f1g2b8a8a7a6h1h2g1a4e1a3a1a2
2021,Campeonato Argentino,Dottore Matias,Chaufan Leonardo,42,24,22,f5d6c6f4e6c5f3e3c4c7c8d3f2c3c2g4h4e2f1e1d1d2c1f7f6e7f8g5h5e8d8d7b5a6a4b4b6a5b3a3h3h2g6h6a2a1b2b1g3g2h1g1a7a8b7b8h7g7h8g8
2021,Campeonato Argentino,Perez Rafael,Iturbide Paula,45,24,44,f5d6c3d3c4f4c5b4b3c6c2d2e3f3g4f2e6h4d1e1e2a3g3h3f1b5d7c1b1f7e7f8e8f6g5g2a6a5b6c8d8c7g6h5b2h6g1a1h1h2a2g7g8h8h7a7a4a8b7b8
2021,Campeonato Argentino,Lucioli Juan Pablo,Olivares Daniel,46,24,47,f5d6c5f4e3c6d3f6e6d7g3c4b4e2f2b3b6c3b5d2g5g6f3h3d1c1f1g4c7c2e1b2d8c8e8f8e7f7a1b1a2a3a4g2h1g1h4h5h2a5a6a7a8b7b8g8g7h8h7h6
2021,Campeonato Argentino,Garcia Leandro,Perez Rafael,32,24,32,f5f6e6f4e3c5g5f3g6d3g4h4c4c6g3h3f2h5d6c7e2e7h6c2c3d7f7d2e8f1h2b5d1g8f8d8e1c1b4a3a4g1a6b3b6g7c8b8a2a5g2h7h8h1a8a1b2b1a7b7
2021,Campeonato Argentino,Olivares Daniel,Iturbide Paula,39,24,46,f5d6c3d3c4f4c5b4b3b5c6e6a6a5a4c2d2d1c1b1e2b6f3g5h6g4f1h5c7a3a2c8e3h7g6g3h4h3f2f7b7f6f8e8d8g8d7e7e1g1g7b8a7b2a1h1h2g2h8a8
2021,Campeonato Argentino,Perez Rafael,Lucioli Juan Pablo,47,24,44,f5d6c3d3c4f4c5b4b3b5c6e6e2c2a6a5a4f1c1b6f3g5e3d2g4f2g3a3a2h3h4h5d1e1g1h2a7b2c7c8d7d8f7b7f6g6a8b8e7e8f8g7g8g2h1h6h7h8b1a1
2021,Campeonato Argentino,Iturbide Paula,Garcia Leandro,32,24,35,f5d6c5f4e3c6d3f6e6d7g3c4b4c3b3a4b6a6a3b5a5a2g6g5h6h4g4h3f7e7e8d8c8f8c7b8g7c2h5d2d1g2f3h8g8h7a8f2c1b2f1g1a1b1h1h2a7b7e2e1
2021,Campeonato Argentino,Bilinkis Mariano,Olivares Daniel,48,24,41,f5f6e6f4e3c5c4e7c6d3f3c3d2e2f1f2g3h3g4d6g5c1d1b3b5e1b1g2c2b6f7a5a3b4a4a2e8h4d7c7c8f8d8b8g6b7h5h6a8a7g8b2a6g7a1g1h2h1h7h8
2021,Campeonato Argentino,Lucioli Juan Pablo,Iturbide Paula,46,24,38,f5d6c5f4e3c6d3f6e6d7g3c4b4b3g5c3b5a5a4a3b6a6f7h5g4e7h6h3h4h7g6f8c8e8c2h2g7f2e2h8f3f1d8d2e1g2c1d1b2a1g1h1b1b8g8a8a7b7a2c7
2021,Campeonato Argentino,Olivares Daniel,Garcia Leandro,43,24,26,f5d6c5f4e3c6d3f6e6d7g4g3g6h4f3g5h6h5f7e7c4h7e8d8c8b5a5f8g8f2f1g2b6b7c7a6g7d2d1b8a8a7e2c3b4b3c2c1e1a3b1b2a1a2a4h8g1h2h1h3
2021,Campeonato Argentino,Bilinkis Mariano,Perez Rafael,41,24,33,f5f6e6f4e3c5c4e7c6e2f3d3c3d2e1c1f2g4g3f1d1h3g5d6h5h6h4g6d7c8f7c7f8b4b3e8a4b6b5a5d8c2b2g8g7h8h7h2h1g1g2a2a3a1b1a7a6b8a8b7
2021,Campeonato Argentino,Perez Rafael,Olivares Daniel,39,24,39,f5d6c3d3c4f4c5b4b3b5c6e6e3e2d2d1e7c2f7b6a5d7f2f6g4e8g5a6a3c7c8d8f8h5h6h7g6g3f3h4a4a2f1e1c1b2g1b7a8b8a7g7h3h2h8g8h1g2a1b1
2021,Campeonato Argentino,Garcia Leandro,Lucioli Juan Pablo,30,24,27,f5d6c3d3c4f4c5b4c6e6e7b5d7f7f6e3g3g4d2e2c2b3f3g6d1g5f2b6c7h3g8f1e1c1h6e8a4c8f8h8h4b1d8h7g7h5h2h1g1g2a1a2a6a5b2a3b7a8a7b8
2021,Campeonato Argentino,Iturbide Paula,Bilinkis Mariano,28,24,43,f5d6c5f4e3c6d3g5e6f6g4c4b4b3b5a4a6a3b6c3h6d2e2a5a2g3d1h3h4f3c2e1f1f2c1h5h2b2c7d7e8d8a1b1g2f8f7g6g7c8e7h8b7g8h7h1g1a8a7b8
2021,Campeonato Argentino,Furno Ricardo,Cohen Mercedes,38,24,39,f5f6c4c3d3e3f4d6c5e6f3g6g5h6g3c6e7e8d7d8c7c8f7g4h4h2f8g8g7f2b5a5b6a6f1e2a7b4h3h5e1a8b8b7h8h7h1g1g2d1d2c2c1b3b2a1b1a2a3a4
2021,Campeonato Argentino,Lisnovsky Marcelo,Nakasone David,27,24,31,f5d6c5f4e3d3e6g5c4c3e2f6g4h3c7b4b5b3c6d7c2g3d8c8b8e7b6a5a6a4e8f8g8f7h5g6f3h4h2c1a3f2e1d1d2f1h6g2b1a1h1g1g7a2b2a7b7a8h8h7
2021,Campeonato Argentino,Seifert Max,Lisnovsky Marcelo,10,24,22,f5d6c3d3c4f4f6b4c5e6e2c6e3g4d7b5c7b6a3e8f7d8e7g5f8f2a6g8g6e1f1g1h3g3f3h5h4h2h7d1g2b3d2h1b8h6g7h8c8a8a2b7a7c1c2a5b2a4b1a1
2021,Campeonato Argentino,Nakasone David,Furno Ricardo,20,24,27,f5d6c3f4e6d3c4f6e3c5c6b6d7b5b4f3c7d2e2c2f2e1d1f1c1a4g1e7g5g4h4h3h2h5h6g3a5d8b3a6f8c8f7e8b8a3b7a8a7g8b2a1a2b1g7h8g6h7g2h1
2021,Campeonato Argentino,Lisnovsky Marcelo,Chiesa Nicolas,46,24,51,f5f4e3f6e6d6e7d3c4e8f3c5c6b6c7d8g5c3b5a6c8b8d7h5a4g4b4a5a7f7a3e2g6b3a2b7c2h6a8c1e1f2d2b2g3h3d1f1f8g7g8b1h4a1g1g2h2h1h7h8
2021,Campeonato Argentino,Cohen Mercedes,Nakasone David,18,24,7,f5d6c5f4f3e3c4d3e6b5c3b4a4f6a5e2f7e7f8c7e1d2c6d7c8a6a7b6d1b3a3f1g1f2g3c1b1c2b7d8e8a8b8a2b2g8g7g5h5h8g6h6g4a1h7h4h3h2g2h1
2021,Campeonato Argentino,Lisnovsky Marcelo,Furno Ricardo,25,24,28,f5f6e6f4e3d3f3d2e2d7c5c3g4d6c4c2c6b4b3b5g5g6e1d1a6a5e7f1a4f8c1f7h6h3h4b1d8e8c8b8c7b6a7a2f2g3g7b7h2h5g2g1b2h1h7a1a8a3g8h8
2021,Campeonato Argentino,Chiesa Nicolas,Nakasone David,7,24,7,f5d6c4d3c5f4e3f3f6e6c6c3e2f2f1d7d8g5h5b4a3d2g4g3h4h3h2d1b3a5b5a6e1g1c2e7a4a2f7b6a7a8b2a1b1c1b7c7c8b8e8f8g8g7h8g6h6h7h1g2
2021,Campeonato Argentino,Furno Ricardo,Chiesa Nicolas,51,24,57,f5f4g3d6d3f3f2e6c4e3f6h3c5f1f7f8c6c3g5e7d7b3g6b4e8d8e2e1b5a4a5a6b6h5h6h7h4a7h8c7g7g4g8h2c8b8g2c2d2h1d1g1b7c1b1a8b2a1a2a3
2021,Campeonato Argentino,Cohen Mercedes,Lisnovsky Marcelo,20,24,8,f5d6c5f4f3e3c4d3e6f6f7e7c6d7f2c3c2e2f8e8d8c8b8c7b6d2c1d1e1b5a5b4a4a3a2b3b7a6b2a1g1g3b1f1h3g2h1h2h4g4h5g5a8a7g8g7h8h6g6h7
2021,Campeonato Argentino,Dottore Matias,Chaufan Leonardo,46,24,17,f5d6c3f3c5c4d3f4f6e6f2d2c6e7f8g4f7e8d8b5e3c2c1g3h3b4a5a4a3a6a7b3g5h5g6d7c8b6c7e1e2f1a2h4h6d1g1g7h2b2h8g8h7b7a8b8b1g2h1a1
2021,Campeonato Argentino,Coll Pablo,Martin Alix,60,24,64,f5f6e6f4g5c6g3g4f3d6e3h4h3d2e2f2h5g6h2d3h6g2c5c4c3b4h1c2g1f1d1c1e1b1b2a1b3h7a2a3a4a5b5f7e7e8f8g8d7d8c7c8b6a6b7b8g7h8
2021,Campeonato Argentino,Roldan Matias,Dottore Matias,37,24,27,f5f6c4c3e6f4f3c5c6e3d3d6b5b4d7d8e8f8g4g5h6c8c7h4b3b6h5h7g3h3g6a6e7f7a5a4a3a2b7e2f1d1d2c1f2a8c2b1g7h8g8g2h1h2a7b8a1b2e1g1
2021,Campeonato Argentino,Martin Alix,Chaufan Leonardo,14,24,24,f5d6c3f3e3d3c4e6f4g6f6c5b5c6e7e8d7g5f7f8h4d8c7c8e2h6g4a5b6a6h5h3g3e1f2f1d1c1g7h8h7g8b7c2d2a8a7b8b4a4b3a3g2h1h2g1b2b1a2a1
2021,Campeonato Argentino,Coll Pablo,Rondina Liliana,44,24,44,f5f6e6f4g5d6e7g4f3h5c4e8g6d3c5e3h3h6f7c6d7c3e2f8c7d8c8b8g3e1d2d1c1b1f2f1g2h4h7c2b3a3b4a5a4b5h2h1g1h8a1a2g7b2g8a8a6b6a7b7
2021,Campeonato Argentino,Dottore Matias,Coll Pablo,7,24,2,f5d6c3d3c4f4c5b3d7c6b6e6g4b5a5c7f7e3b4e8c8a7d2a3b7g5f6a8h5e7d8b8a4a6b2g3f3h3g6f8g2g8h2h1e2f2f1g1h4h6h7g7d1c2e1c1h8b1a1a2
2021,Campeonato Argentino,Chaufan Leonardo,Roldan Matias,27,24,22,f5d6c6f6e6d7c4c3d8c7c8e3f3g5f4g3d3e7h3g4h4h5b3b6a6c2c1e8f7f8g8a3a4d2d1e1e2b4c5b1b5h2g6h6a2a5b2a1g2a7b7a8b8h8f2h1h7g7g1f1
2021,Campeonato Argentino,Rondina Liliana,Martin Alix,34,24,8,f5f6d3e3f3c3c5e2f1c4f2e6f4d2c1g6c2b4c6b3a3d6h6e7e8d7d8b5a6b6a7g3h3f7c7c8b8a5a4e1d1g4g5h4h5g2f8b7g1h1h2b1a8g7g8b2a2a1h7h8
2021,Campeonato Argentino,Martin Alix,Roldan Matias,18,24,31,f5d6c4f3f4d3c5c6e6c3e3f2e2f1d2e1c1c2b4a5g3h4b5a6a3b3h3h2g4h5f6b6e7a4c7a2d1b1b2g5g6a1h6h7g2d7d8h1g1f7f8c8b7a8a7b8g7e8h8g8
2021,Campeonato Argentino,Rondina Liliana,Dottore Matias,37,24,56,f5f6e6f4c3c4f3c5c6d3e3b4a3b5a6f7b6f2d6c7c8e2d7b3f1d1a2d2c2d8e8a4a5b2e7b7a7g3g4h4g5a1h2e1g1b1h5h3g2a8b8f8g6h6h7h1c1h8g8g7
2021,Campeonato Argentino,Coll Pablo,Chaufan Leonardo,62,24,57,f5d6c3f3f4f6c5c6e3d3e2d2c4e1e6c2f2f1d7d8c1f7g5g3b5a6f8h5e7g6g4h3h4g7e8d1g1h6h8g8h7g2h2h1c8b6c7b8a7b7a5a4b1b2a2a1a3a8b3
2021,Campeonato Argentino,Dottore Matias,Martin Alix,24,24,14,f5d6c3d3c4f4c5b3c2e3f3b4d2e6a3e1a4f6d7e7f8c7c1c6c8g3h3e2g4d1f1f2f7h4h5g5h6g6h7b5a5d8e8b6a6g2h2b2a1b1g7a2h8g8h1g1b8b7a8a7
2021,Campeonato Argentino,Roldan Matias,Coll Pablo,9,24,15,f5d6c6f4e6g5f3e3g4f6g3c5h6f7e7g6d2e8d3c4d8c8f8d7h5g8c7h3b6b4h4h7a4b8b5h2g7h8g2a6b7a7a8a5g1h1f2f1e2c3c2e1b3d1c1b1b2a3a1a2
2021,Campeonato Argentino,Chaufan Leonardo,Rondina Liliana,10,24,28,f5f6e6f4d3c3e3f3c4c6c5d6g5b3c2h5d7b1c1d1e2e1f2f1e7d2a3b4g3b5a6f8a4c8d8e8c7b8f7b6h4h3b2a5h2a1h6a2b7a7g2g8g1a8g7h1g4g6h7h8
2021,Championnat de France,Juigner Arthur,Kashiwabara Takuji,19,24,29,f5d6c3d3c4f4e6f6e3c5g5g3b6f3g4b5e2h3h4h5h6h7g6b4e7d7a6c2c6d2a3f1f2e1g2e8g1a5c8f7a4b3c1d1d8b8a2b2a1b1g7b7a7h8g8f8c7h2h1a8
2021,Championnat de France,Kashiwabara Takuji,Juigner Arthur,32,24,29,f5f6e6f4e3c5c4d6b5d3c3e2f2c2f1b4c1a5a6b6a4a3a2b3c7b7c6d2f3e1d1b8d8d7e7f8g3g4h4g2g6f7g7h5e8c8h7g5h6g1h1b2a1b1a8a7g8h8h3h2
2021,Championnat de France,Juigner Arthur,Kashiwabara Takuji,43,24,33,f5d6c3d3c4f4f6f3e6e7d7g6f8f7g5g4e2d8e3c8e8g8c7e1f2f1h3h4g3h2h6b7d1c1h5h7g2b4c5c2d2b5b3a4c6h1a5a3b6a6g1b2a1b1a2a7a8b8g7h8
2021,Championnat de France,Lazard Emmanuel,Juhem Philippe,47,24,27,f5d6c5f4e3c6d3f6e6d7g3c4b4c3d2c2d8f3f2e7b3c1b6e8e1c8d1a6g4g5c7b5e2h3h5f1h6h2f8g8f7b1g6a3a5b8a7a4a2h4g7b2a1h7h8b7a8g2g1h1
2021,Championnat de France,Kashiwabara Takuji,Lazard Emmanuel,42,24,42,f5d6c3d3c4f4c5b3c2e6c6b4b5d2a3a4a5c1e2c7e1g4d7a6a7b6c8f1a2d1e3f2b7f6f3b2g3h3a1a8b8d8g5b1h4h5g2h1g1e7e8h2f7g6h6g8f8g7h7h8
2021,Championnat de France,Lazard Emmanuel,Kashiwabara Takuji,35,24,27,f5d6c3d3c4f4c5b3c2e3d2b6b4e6c6b5d7f7f2f3f6e7a6g4a5d8e2a3g3c7a4a7c8g6h4a2b7c1g5d1e1f1h7h5h6h3h2g7h8g8f8e8g2g1h1b2b1a1b8a8
2021,Championnat de France,Kashiwabara Takuji,Lazard Emmanuel,50,24,48,f5d6c3d3c4f4c5b3c2e6c6b4b5d2e3a6c1b6f3f6f7g5d7c7g6h6e7e2d1f1e1b1c8g3g4e8d8h3f8f2h4g7a4a5a7b8h8g8h7h5a3b7a2b2a1a8g2h2g1h1
2021,Championnat de France,Juhem Philippe,Juigner Arthur,25,24,23,f5f6e6f4g5g6g4h6g3f3h5h3h7e7e3d3d7d6c4c5c7h4h2c6b6d8b5f7c8b3f2e2b4c3d1a4c2a6a5e8b7a3f8c1d2e1a7a8b8g8f1g1b2b1a1g7h1g2h8a2
2021,Championnat de France,Juigner Arthur,Juhem Philippe,39,24,39,f5d6c3d3c4f4e6b3e2e3f3c5b4f6c6g6c2g4d2g3a3e1f1g1f2d1c1b1d7d8g5b6b5a5a4a6a7h6e8c8b8c7h5h4h2h3h7g7h8e7g2h1f7f8g8b2a1b7a8a2
2021,Championnat de France,Kashiwabara Takuji,Juigner Arthur,36,24,27,f5f6e6f4e3c5c4d6b5d3c3e2d7c7e7c6f7d2g6b6b4d8g5g4c8a3a4e8c2f8f3h4f1b8a6e1d1f2g1b2h5b3a1c1b1a2h3h7h6a5h8b7g8g3h2g2a8a7h1g7
2021,Championnat de France,Juhem Philippe,Kashiwabara Takuji,30,24,27,f5d6c3d3c4f4c5b3c2b4e3e6c6f6a5a4b5a6d7c7e7e8b6d8a2a7g3f3g5g4f8f7c8h6h5h4h3g6g8g7f2g2h8h7g1e2d1f1e1c1d2b7b2a1a3b1a8b8h1h2
2021,Championnat de France,Lazard Emmanuel,Kashiwabara Takuji,25,24,29,f5d6c5f4e3c6d3f6e6d7g3c4b4b3g5c3b5a5a4a3b6a6f7g6e7f8h6g4f3h5h4c2d8e2c8g7e1e8c7f1g1f2d2h7d1b8b7h3h8c1g2h1h2a7b1a8a2g8b2a1
2021,Championnat de France,Tastet Marc,Kashiwabara Takuji,32,24,33,f5d6c5f4e3c6d3f6e6d7g4c4g5c3f7d2e7f2e2f1c8f3c7d8e8g3b6b5a5h4c1d1b4a4a3b3a2a6a7h5c2g6g7f8h7h6h8g8b7a8b8a1e1b1b2h3h2h1g2g1
2021,Championnat de France,Kashiwabara Takuji,Levy Marc,47,24,41,f5d6c3d3c4f4e6b3e2c5c6e3d2f7f2g4f6c2g5f3e7e8g3h6d7g6h5h2b5f1b4e1c1c7d1b1h3h4g7a4b6h8h7b2a6g2d8a5a3a7a8b8b7c8f8a2h1g1a1g8
2021,Championnat de France,Andriani Bintsa,Kashiwabara Takuji,8,24,25,f5d6c5f4e3c6e6f6d7c7e7e8d8c8f7f8g3c4b5d3b4e2g5g6f3b6f1c2c3a5c1h5h4h3a6g4a4f2h6h7g2d1d2b1b2a1h2h1b3a3b7g1a2e1g8h8b8a8a7g7
2021,Championnat de France,Kashiwabara Takuji,Busuttil Michel,55,24,45,f5d6c5f4e3c6d7c7e7e6f6c8f7b4d3f3c4g5d8d2b8c2e2d1c1b1f1e8f8g6a4b3b6a6c3b5a3a2a1b2g4h4a5g3e1b7g7h7a7f2g8h3h5h8g2h6h2h1g1a8
2021,Championnat de France,Juigner Arthur,Juhem Philippe,48,24,38,f5d6c3f4f6g5e6d7c5e7g3c4c6f3f7e3g4d3b4b3h6h4h5h3g6a4f8e8e2h7f2b6b5a5c2c1c8g8b7d8h8g7h2c7a6a7g2h1g1d1d2e1f1a3a2a8b8a1b2b1
2021,Championnat de France,Lazard Emmanuel,Juigner Arthur,20,24,21,f5f6e6f4e3c5g5f3g6e7d6h6h4f7d8e8f8c6d3g4f2g3h3e2c3c2c1c4d1g2d2e1d7h5b5c7c8b6b4f1h7a6b3h2h1g1a4a3a5g7a2a1a7b7a8b8g8b2b1
2021,Championnat de France,Tastet Marc,Juigner Arthur,27,24,25,f5f6e6f4g5g6g4h6h5g3h3c5f7d6d7e7c6f8e8c7g8c8h4h2f3h7e3e2e1d8b8d2f2d3c1f1b5d1g1b4a3b6c2c4b3a5a4c3g2a6a7b1a1a2b2a8g7h8b7h1
2021,Championnat de France,Juigner Arthur,Levy Marc,37,24,34,f5d6c3d3c4f4e6b3e2c5c6e3d2g5f3c2g4f7d7d1f6g6h5c7f8d8h6f1e1e7e8g8b4g3c1b1b6f2h2h3h4a6b8g7b7a4c8b5h8h7a5h1g1g2a2a3a1a7a8b2
2021,Championnat de France,Juigner Arthur,Andriani Bintsa,33,24,41,f5d6c3d3c4f4c5b3c2e3d2c6b4b5f2e6f3c1a3a4a5d1e2e1f6a6a7b6f1b2f7e7e8g4g5d7g6h5h6h7g3f8g8g1c7d8a1a2c8a8b1b8b7h8g7h2h1h4g2h3
2021,Championnat de France,Juigner Arthur,Busuttil Michel,64,24,64,f5f6e6f4g6c5g4g5d3e3c4c3d6d7c7f3c8g3h5h6h7f7e7f8e8g7g8d8h8b6b7b8h4c2d2a8c1c6a6a7a5a4b5b4a3h3h2f2e2g2h1g1b3f1e1d1b1
2021,Championnat de France,Juhem Philippe,Lazard Emmanuel,27,24,33,f5d6c3d3c4f4c5b3c2e3d2b6b4e6c6b5d7f7f2f6f3e7a3c8g4c7a4e2g5g6a5a6a7c1d8e8f8b7f1e1h6h4h5h3h2g3g1a2a1g2d1h1b2h7g7b1b8h8a8g8
2021,Championnat de France,Juhem Philippe,Tastet Marc,40,24,34,f5d6c3d3c4f4c5b3c2e3d2c6b4a3g3g4f3c1b5a4a6b6d7e7c7d1e2f2h3e6f8d8f6a5a2b7e8g8b2g5f7h4h5g2a8a7c8b8h8g6g7a1b1h7h6h1g1h2f1e1
2021,Championnat de France,Levy Marc,Juhem Philippe,26,24,17,f5d6c4d3c3f4c5b3c2f6g5e3e2b4b6e6b5g6d7c7f7c6e7h6g4c1h5d8a4a3a2a6h7d2d1f3e8g3f2f8h2g8b8a5a7g7b1f1e1a1h8b2c8a8g2b7g1h1h3h4
2021,Championnat de France,Andriani Bintsa,Juhem Philippe,23,24,17,f5d6c4g5c6c5d7d3b5c3e3b4d2e6f4f6e7e2g4f2c2b3f1f7f3d1g6a6a4g3e1c1a3g1e8b6h3a5b2c7b8g2b7a8a7c8h1b1d8h2a1a2h4f8g8h8g7h7h6h5
2021,Championnat de France,Tastet Marc,Lazard Emmanuel,38,24,34,f5d6c5f4e3c6d3g5e6f6g3b5h6h4g6g4f7e7h5f8d8f3h3d7e2c4c3f2b4d2c8e8c2b8g7h8a6a3b3a5a4a7c7c1b6h7g8b7a8b2g2h2g1e1d1f1h1a2a1b1
2021,Championnat de France,Lazard Emmanuel,Levy Marc,39,24,39,f5d6c3d3c4f4c5b3c2e3d2c6b4a3g3e6f2c1a4a5f6d1e2f3f1h3g4h4e7e8f7g5g6d7h5f8g7h8g8e1b1g2b5a6h1b6b2a1a2h7h6g1c8d8h2b8a8c7b7a7
2021,Championnat de France,Andriani Bintsa,Lazard Emmanuel,18,24,28,f5d6c4d3e6f4e3f3c6f6g5e7d7c5b5b4c7f7g6a5d8f8e8b6a6a7b3c3a3c8g4g3c2e2f2h3h5f1d2c1d1e1b2a1a2g2b7b1h1a4h2b8a8h4g8g1g7h8h7h6
2021,Championnat de France,Busuttil Michel,Lazard Emmanuel,17,24,14,f5d6c3d3c4f4c5b3c2e6c6b4b6d2e3b5c1e1g3f6e7d7c8e8f7f2e2f1a5a4a3a6d8b8a7f3c7d1g1b1a1a2g4a8b2b7f8g8g7h7h8h6h5g2h3h4h2h1g5g6
2021,Championnat de France,Levy Marc,Tastet Marc,27,24,36,f5d6c4d3c3f4c5b3c2e3d2c6b4a3g3g4f3c1b5a4a6b6a5a7e7e2c7d7f2h3e1f1g1d8c8f8e8g6f6b7h6b8h4e6g5h5h2f7g7g8h8h7a8d1a2b2g2h1a1b1
2021,Championnat de France,Tastet Marc,Andriani Bintsa,19,24,34,f5d6c5f4e3f6f3c4d3c3e6c6b4d7b3e2b5f2c7d2e8c8e7b6f7c2g6a6a5g8c1b8d1a4a3a2d8f8b7g5g1h5g3g4h4f1e1b2g2h3h7h6h2h1g7h8b1a7a8a1
2021,Championnat de France,Busuttil Michel,Tastet Marc,20,24,22,f5d6c3d3c4f4c5b3c2e3d2c6e2e6g3f6f7c1a3d1e1f1f2b4c7d7c8e8a4b5a5h4h2f3b6e7f8h3h5a6a7g8d8b8b2a1g2g4g5h6g6g7b7a8g1a2b1h1h7h8
2021,Championnat de France,Levy Marc,Andriani Bintsa,50,24,53,f5d6c4d3c3f4c5b3c2e3d2c6b4b5f2e6f3c1a3a4a5d1e2g1f7e7f6g5e8g6g4b6a2d8c8h5f8d7g3h2a6b2a7b7e1f1a1g2h3b1h1h4a8g8h8b8c7g7h7h6
2021,Championnat de France,Levy Marc,Busuttil Michel,42,24,46,f5f6e6f4g5e7e3g6d3f3g4e2d6h3h4c2d7h5d2c4c3b3e1f1g1c7f7g3h6h7c6b5b4a4c5b2a1d1a2f8a3a5a6b6f2h1h2g2h8c1b1g7a7b7g8e8d8c8b8a8
2021,Championnat de France,Andriani Bintsa,Busuttil Michel,57,24,51,f5d6c4f4c5d3e6b5e3b4c6g5f6c7d7c3g3f2b6f3g6a5h4h3g4e8e2e7d2h5h6h7b3f7a4c1d1g2d8f1e1a2a3c2a1c8h1g1b1b2h2g8f8b8b7a8a7a6h8g7
2021,Championnat de Sučde,Wettergren Niklas,Fronmark Marcus,46,24,36,f5d6c3d3c4f4f6f3g4g3c5b3d2e3c2b4c6e6b5a5e2d1c1b1e1f1f2g1g5h6h5h4e7b6h3h2a4a3c7e8d7d8c8f7g6b8f8g8g7b2a7a6a2h8h7g2a1h1b7
2021,Championnat de Sučde,Fronmark Marcus,Wettergren Niklas,33,24,25,f5f6e6f4e3c5c4d7c6e2f3d3c3d2e1f2f1b6b5d6c7a5e8b4a6a7e7f8g8f7a4a3g5d8c8g4h3g6h6b7b3c1g3a2d1b2a1b1a8b8c2h8g7h4h5h7h2g2g1h1
2021,Championnat de Sučde,Fronmark Marcus,Wettergren Niklas,26,24,18,f5f6e6f4e3c5c4d7c6e2f3d3g5c3g4d6f2g6c7b4f7h4g3h5e7h3d2c2b5f1c1b3a3a4a5e1h7b7h6h8b6a6g7g8f8a2b8e8d8c8a8b1a1a7b2d1g1h2g2h1
2021,Championnat de Sučde,Gardebrink Christia,Eklund Oskar,23,24,25,f5f6e6f4c3d6f3c4c5b4c6b5g4b3e7b6c7f7d3e8d7d8g6h5c8b8g8g5h7c2a5h6h4e2a4e3g3f2c1a3d2d1g1a6g7b7b1a1a8f8a7h8e1b2a2f1g2h1h3h2
2021,Championnat de Sučde,Wettergren Niklas,Gardebrink Christia,54,24,45,f5d6c3d3c4f4f6b4f3e6d7e7e3g3g5g4g6f7b5c2c5h5h4h3d2f2b3h6c7e2e1c8b1b8f8e8g7c6d8b6a8a6g8a4a3d1c1h8a7b7a5b2a2f1g1h1g2a1h2h7
2021,Championnat de Sučde,Gardebrink Christia,Wettergren Niklas,25,24,34,f5d6c3d3c4f4e3f6c6c5d7e7e6b6g3f3g6g5b5e2c7g4b4c8f8e8a6a5a4d2c2b3d1a3f1e1h4h5h6h3h2a7b2g2h1a1a2f2a8g1b7g8d8b8h8h7g7f7c1b1
2021,Championnat de Sučde,Eklund Oskar,Fronmark Marcus,22,24,32,f5d6c3d3c4f4f6f3e6e7d7c5c6g6f8b4g5b3h6e8d8b5a5c8b8c7f7a4a3g4h3h5b6h7c2a7d2e3f2d1e1f1e2g7b7b2b1c1g1a1a2a6h8h1h4g8g2g3h2a8
2021,Championnat de Sučde,Fronmark Marcus,Eklund Oskar,25,24,30,f5f6e6f4e3c5c4d6c6b5d7e7b6c8a6b3c3f3a3e2e8c7f7d3f8d8b8b4a5b7d2c1g6c2f2a4d1g4g3h3h5g5h6f1b1h4h2e1g1b2a8a7g2h1a1g8h8a2g7h7
2021,Championnat de Sučde,Eklund Oskar,Fronmark Marcus,31,24,32,f5d6c3d3c4f4f6f3e6e7d7g6f8f7g5h6h4g4h3c5c6g3d2e8h5c8h7c7d8g8h2b6f2e3b4e2e1f1b5b7g1g2a6a4b8a8a7a5g7h8h1b2b3c2a3a2b1d1c1a1
2021,Championnats du Japon,Yamaguchi Tomoki,Yakushiji Kenta,22,24,21,f5d6c3d3c4f4f6f3e3b4b5e6e7f2e2g5g6e1a5f7c5e8g8f8d8h6h5c6b6h4g4d7d2h3g3h7d1h2f1c2c1b3a4c7g2h1g1b2c8b1a1a2a3a7a6b8a8b7g7h8
2021,Championnats du Japon,Yakushiji Kenta,Mizutani Hibiki,53,24,46,f5d6c3d3c4f4f6g5e6f7c7c5g3e7e3d7h6h4g6g4h5h7h3h2f3b4e8d8c8g8b5a5b6f2c6c2d2c1a6a7a3e2b3g7f8b8a4a2h8b7a8g2f1h1g1e1d1b1b2a1
2021,Championnats du Japon,Sobajima Daichi,Nakaoka Satoshi,31,24,33,f5d6c3d3c4f4f6f3e6e7d7c6c5e8g3g5g6h3g4f7c7h4h5h6d2c2e2b6d8b5f8e3b4a4a3e1a5d1f1g1g8b3f2b8a2a7b1g2b2a6a8c8b7h8h1c1h2a1h7g7
2021,Championnats du Japon,Miyamoto Taketora,Nakamura Kazuki,54,24,53,f5f6e6f4e3d3f3d6g4h3c3d2c4b5c2b4c1e1b3g3d1b1c5e2a4b6a6a5b7a3a2b2h4h5f1f2a1g5h6g6h2g2g1a7a8b8h7g7h1h8g8f8e7f7d7c6c7c8d8e8
2021,Championnats du Japon,Shirai Ukyo,Yakushiji Kenta,26,24,31,f5d6c4d3c3f4c5b3c2e6c6b4b5d2e3a6c1d7f3f6f7e2d1f1f2g5e7g4b6c7a4a3a5g6c8d8f8e8g3h3h5h6h4e1g1g2h1h2g7h8h7g8b2a1b1a2a7b8b7a8
2021,Championnats du Japon,Nakanishi Toshiaki,Yamaguchi Tomoki,20,24,26,f5d6c3d3c4f4f6g5e3f3g3e2g4f2e6h3f1c5d2b4h6h5g6h4h2e7a4e1d1g2b5c6f7b6c7d7a5a6a7c8d8e8f8g8b7b8h1g1g7a8a3b3a2b2b1a1c1c2h7h8
2021,Championnats du Japon,Hashimoto Mei,Kimura Hachiro,36,24,44,f5d6c3d3c4f4f6f3e6e7d7g6f8f7g5h6h4g4h3h5h7e8d8c5c6c8b8c7d2b6b5a5e3c2f2e1d1c1g8e2a6f1a4b7b4g3h2g7a8b3a3b2b1a1a2a7h8g2g1h1
2021,Championnats du Japon,Yamashita Kazuhide,Onishi Masaaki,23,24,30,f5d6c5f4e3c6d3f6e6d7g4c4g5c3b4b3b5a5a4a3b6a6f7e2e7f2d8f3d2e1g3c2f1f8e8c8c7g8b7g1d1c1a2g6a7h6b2h3g2a1b1a8h5b8h4h1h2h7h8g7
2021,Championnats du Japon,Shibata Kenichiro,Miyamoto Taketora,47,24,35,f5f6e6f4c3e7f3e3d3e2g4g5f2d2f7c4d6g6h4e8c5f1h6c6c2d7c8d8c7b8g3h3g8b3d1e1c1b4g1b6h5h7b2f8a8a1b5b1g2a5a6a7b7h1h2h8a4a3a2g7
2021,Championnats du Japon,Shibata Kenichiro,Yamaguchi Tomoki,25,24,28,f5d6c3d3c4f4f6g5e6d7e7c5f3g4g6e3f7c6b5d8d2b6e2f2h4h3h6h5h2g3c8f8e8b8f1a5c7b4b3c2c1a3g7h8g8h7g2e1d1h1g1b2a1b1a4a6a2b7a8a7
2021,Championnats du Japon,Onishi Masaaki,Yakushiji Kenta,26,24,35,f5d6c5f4e3c6d3f6e6d7g4c4b4g3g5h3g6h4b5f3h5h7h2d2f2e2c3b3c1d1f1a3a5b1c2b2a1e1a2a4b6g2d8c7c8b7e7h6h8g7f7f8a8b8e8g8a7a6h1g1
2021,Deutsche Meisterschaft,Rossler Daniel,Berg Matthias,26,24,25,f5d6c3d3c4f4f6g5e6d7e3c5f3e7h5e2c6d2c2b3b4g6a4g3e1c1g4h6f1f2h3h4g1h2f7b1f8d8g7e8c8g8h8g2h1h7d1b5a1b6c7b8a8a3a7b7b2a5a6a2
2021,Deutsche Meisterschaft,Berg Matthias,Rossler Daniel,45,24,38,f5d6c3d3c4f4f6f3e6e7d7g6g5c5b6c6b5c7f8e8f7h6g3e3g4b4h4d2h5h3b3h7g7a4a5a3a2a6a7b7b2c2e1e2f1d1c1f2g1g8h8b1a1g2h2h1b8a8d8c8
2021,Deutsche Meisterschaft,Beyer Guenther,Affatigato Carlo,38,24,35,f5d6c4d3c5f4e3f3d2f6e7c6e6d7f7c7e2b5b4f8d8c8a6e8b6a3a4f2g5g3g4e1d1c1c2b3c3a5f1g1h3h6a2b2h5g6b8a8a1b1h1h2g2h4b7a7g7h7h8g8
2021,Deutsche Meisterschaft,Berg Matthias,Murawski Stefan,42,24,37,f5d6c3d3c4f4e3f6g5f3g4e2d2b4g3d1c1b1e6b3e1f1f2g6c5e7c2h3g2b6a5a3b5a6a4h2c6a2c7h6h5h4a1c8b2b7a8a7e8d7f7d8g1f8b8h1g7g8h8h7
2021,Deutsche Meisterschaft,Neuhaus Sven,Sommer Christian,27,24,34,f5f6e6f4d3e7f3e3g4g5e2h4g6f2f7d1h3d2h5c6d6c7e8c2c5c3b6d7c4g3f1h6h7a6b3b5b4f8a5g7h2e1a7b2b8c8c1d8h8g8b7a8a1a4g1h1g2a3a2b1
2021,Deutsche Meisterschaft,Rossler Daniel,Gaertner Joerg,49,24,53,f5d6c5f4e3f6f3f2g3e2d3c6e6d7g4c3c4d2c1e1d1b1g1g5c2b5h6h3h4b4b3a2g6b2f7h2e7g8e8f8h8h7g7g2a1a3f1h5a5a4h1a6a7d8c8c7b7b6b8a8
2021,Deutsche Meisterschaft,Beyer Guenther,Affatigato Carlo,16,24,30,f5d6c4d3c5f4e3f3d2c2e2c3b4e1c1d1d7b1f6b3g4a5a3h5h3g5f2g6e6h4h6b5g3c6b6d8e7e8a4a2f8f7c8a6g8g7h8f1g2h7b2a1g1h1h2a7b7b8a8c7
2021,Deutsche Meisterschaft,Czymara Andreas,Abe Tomoko,37,24,37,f5f6e6f4g6d6f3e7d7f7f8d8c8b8c7b6c3c5c4c6a6d3b5b3e2b4e3d2c1g5c2g4g7h6e8h8a8g8g3f2h7h3b7a5f1a7a4b2a1b1a3a2h4h5h2e1d1h1g1g2
2021,Deutsche Meisterschaft,Sommer Christian,Czymara Andreas,47,24,40,f5d6c5f4e3c6e6f7d7c7f6b4b6a5c8d2f2g6b5c3c4b3d3e2g4a6e7f8e8g3f3h4g5h6h5f1a3d8g8b7a4a2c2d1e1c1b2a1b1g7h3g2h1h2h8h7g1a7b8a8
2021,Deutsche Meisterschaft,Abe Tomoko,Berg Matthias,16,24,22,f5f6e6f4f3c5f7e7c4e3c3g4g3g6e8g5f2f8g8d6d7c7h6c6b8h4h3d3h7h2c2c8d8f1b5b7g7a4a5a6a7b6a3a8b4a2h5h8e1g2g1h1e2d1d2b3b1c1b2a1
2021,Deutsche Meisterschaft,Murawski Stefan,Beyer Guenther,38,24,38,f5d6c3f4f6d3c4g5e6c5f3b5e3f7b4a3a4a5h5g6a6a7b6c6f8b3h6g4g3h4h3f2e2e1d2d1c2g7c1b1h8h7g1g8e8e7d7b2a1f1g2a2d8c7a8c8b8b7h1h2
2021,Deutsche Meisterschaft,Affatigato Carlo,Rossler Daniel,8,24,16,f5d6c4d3c3f4f6f3e6e7f7c5e3e2g4d2f2g6d1g5e1h3h6h5b6g3h4h7c6h2c2f8e8d8c7c1b1g1g7d7g8b8c8h8g2b3b5b4a3h1a4a6a5f1a7b2b7a8a2a1
2021,Deutsche Meisterschaft,Gaertner Joerg,Neuhaus Sven,25,24,37,f5d6c3d3c4f4c5b3c2e3d2c1g4b4f3e6a3h4g5f6h6g3e1f2f1e2c6b5a4b6a7b2d7e7c7d8a1c8b1a2g6h5f8e8b8a6a5a8b7g8h3f7d1g7h8h7g2g1h2h1
2021,Deutsche Meisterschaft,Affatigato Carlo,Murawski Stefan,50,24,47,f5d6c4d3c3f4f6f3e6e7f7c5e3e2g4d2f2b5d1f1c1g1d8b3c2h4b2g5e1g3h1a1g6d7h2b1g2h3h5e8f8h6h7g7c8c7h8g8b7b8a8a7a3a2a4b4a6a5b6c6
2021,Deutsche Meisterschaft,Rossler Daniel,Neuhaus Sven,39,24,35,f5d6c5f4e3c6d3f6e6d7g3c4b4b3g5c3b5a5a4d2a6f2c7c8e2e7b6a3a2h5c1d1f8f1d8b8g4g6f7e8a8h3g8f3h4h6g7a7b7a1b2b1c2h8h7g1e1g2h2h1
2021,Deutsche Meisterschaft,Berg Matthias,Sommer Christian,57,24,49,f5f6e6f4g5e7d7d6f3g6g4f7d8f2e3c8f8h4h5e8d3g8h3e2g3c2c4b3c5b4f1h6c3h2d2b2a5a3a1e1a4a2b1b5c1d1g2g1h1a6c6b6a7b7a8b8h7g7h8c7
2021,Deutsche Meisterschaft,Beyer Guenther,Abe Tomoko,52,24,47,f5f6e6f4d3d6g5g4d7c5e3g3b4b5e7f3c4h5c6c2c3e2b3a3a4a6a5e8f8g8f7g6h6d8b2b6h4b1d2f2h3g2d1f1a1a2h2g7c1h7h8c7a7e1g1h1b7a8c8b8
2021,Deutsche Meisterschaft,Czymara Andreas,Gaertner Joerg,9,24,24,f5d6c3d3c4f4f6f3g4g5c6e3d2c5h6h3h4g3g6e2f1b4e6f2b3c1a5d1b5a4a3a6a7b6c7e7f7d7f8e8d8b8g1c2g2h5c8g8g7h7e1h8b2h2b1h1a1a2a8b7
2021,Deutsche Meisterschaft,Abe Tomoko,Affatigato Carlo,19,24,35,f5d6c5f4d3e3g4g5e6c4e2f6h5f2d2g3b5b6f3e1c7h6e7g6h3e8d7h4h7g2d1a5c6c1c2b3f8g8f7c3a3b8a4b4b2f1c8d8h1a1g1h2b1a2b7a8a7a6g7h8
2021,Deutsche Meisterschaft,Sommer Christian,Beyer Guenther,20,24,24,f5d6c5f4e3c4e6c6f3f7e7f8b3b4d7e8c8g4d3g5f6d8h3g6h5b8c7c3b6b5a4a6d2h4h6a2a3a5b7c2c1e2d1f1f2g3g2g1b2a1g7h8g8h7a8a7b1h2h1e1
2021,Deutsche Meisterschaft,Neuhaus Sven,Czymara Andreas,18,24,36,f5d6c5f4e3g5f3c3c4d3c6e2e6b4d2c1b5a6f2g3b3a3g4f1f6h5h3g6e1h4a4d1h6a5b6a7c2d7c7b1d8e7e8f8g8f7g2c8b8h1g1h2g7h7a1h8a2a8b7b2
2021,Deutsche Meisterschaft,Gaertner Joerg,Berg Matthias,19,24,25,f5d6c3d3c4f4c5b3c2b4c6d2e6b5a5a6a7b6c7g6g5h6f3e3h5g4g3h4f2h3c1f1e2f6a2b7h7h8a8g7f7e8g2d7h2e7d8a3g8f8b2a1b1g1h1a4e1d1c8b8
2021,Deutsche Meisterschaft,Murawski Stefan,Rossler Daniel,6,24,17,f5d6c3d3c4f4f6f3e6e7f7c5c6d7d2g4g5b6e3e2h4g3h3g6e8h6e1d8c8b5a6f2f8h5h7g2h1h2b4c7g1h8b8f1g7g8a8b7a3a5b2c2a7a1b1c1a4b3a2d1
2021,Deutsche Meisterschaft,Beyer Guenther,Gaertner Joerg,36,24,31,f5d6c4d3c5f4e3f3d2c2e2c3b4b3c1f1g4c6e6g6g3d1e1b1a3b6d7c7b5a5e7d8f6h4h5h6g5f7a7a6a4b2e8f8a1a2g1f2h2c8b7h3h7g7h8g8b8a8g2h1
2021,Deutsche Meisterschaft,Murawski Stefan,Abe Tomoko,26,24,43,f5f6e6f4e3d6g4e2f7g6d7e7c5c4e8d8c8c7f8b5g5h5b8c6h6h3d3f3a5b6b4a4a3b3a2d2c3c2a6h7h4g3f2g7h8g8f1a8e1d1h2g1b1g2h1c1b2a1a7b7
2021,Deutsche Meisterschaft,Affatigato Carlo,Sommer Christian,30,24,34,f5f6e6f4g5e7e3f3c5c3d3e2g4g3g6c6d2b5f7f2d8h4d7h5h6c4h3g7f1d6e1g8e8h7h8f8c7d1c1g2b6a6a4g1h1h2b3a5a7b4a2c2b1a1a3b2a8b8c8b7
2021,Deutsche Meisterschaft,Berg Matthias,Neuhaus Sven,43,24,37,f5d6c5f4e3c6d7f6e6f3c4d3g6e7f8f7g5g4h3b4c7h6h4d8g3e8c8g7b3h5a3b5a4a6b6a7d2f2e2e1c3c1d1c2a5b2a8g2h1h2g8b8b7h8f1g1b1a1a2h7
2021,Deutsche Meisterschaft,Rossler Daniel,Czymara Andreas,46,24,36,f5d6c5f4d3e3g4g5e6c4g3c6f3f6e7f7c3d8b4e2d2g6h6b5d7a3c2h4b3c8e8f8h3h5f1f2g7d1c1e1a4a5a6a7b2b6g8a2a1b1a8h8h7g1h1h2b7c7b8g2
2021,Deutsche Meisterschaft,Sommer Christian,Murawski Stefan,29,24,36,f5d6c4d3c3f4f6f3g4g3c5h4e3e6g6c6g5h6f2h5h3e2f1d1e7d7f7d2c1b1c2h2c8b4a5a4b3a6a3a2b5c7b7b6a7a8b8d8g7e1b2g1e8f8h8h7h1a1g2g8
2021,Deutsche Meisterschaft,Czymara Andreas,Berg Matthias,3,24,15,f5f6e6f4g6d6c6c7c8f7e8f8f3c5g4d3c2d8g8e3b5c4d2h6b4g5d7e7h5h4g7e2f1d1g2c1f2e1h3g1h7h1h2g3h8b2b1c3b3a1a2a4a3a5a6b6a7b7b8
2021,Deutsche Meisterschaft,Gaertner Joerg,Affatigato Carlo,21,24,28,f5d6c3d3c4f4c5b3c2e3d2c6b4a3a5b5g4e2f3f2d1f1d7b1e1c1a6a4a2e8c7e6d8e7f8b7b6b8f7g5f6g6h4c8h7g3h3h5h6g8a8a7h8g7g2h1g1a1b2h2
2021,Deutsche Meisterschaft,Abe Tomoko,Rossler Daniel,15,24,8,f5d6c5f4d7f6d3c3e3d2g4f3b3c4b5c2c1b4a3e6e1c7e2f2e7c6c8f8g5d8g6d1g3f1g1f7e8b8g8g7a6a5h8h7b6a7a4b7a8a2b2h6h4h5h3h2g2h1b1a1
2021,Deutsche Meisterschaft,Neuhaus Sven,Beyer Guenther,25,24,31,f5d6c5f4e3c4d3e6f3c3b4b5f6a3e7f8d7g4e8c6g5d2b6f7a5h6f2g6g3e2h3h4g8f1c2a7c7b3a4a6b2c8d1e1h5d8b8g7c1g2h8h7g1a2b7a1b1h1h2a8
2021,Deutsche Meisterschaft,Rossler Daniel,Berg Matthias,14,24,27,f5f4c3c4d3e2c5b3g4b5b4a5a6a7a3b6a2c6c2e6e7e3d2f7d7f6g5e1b2g6d1d6f3h5h4f2h6f1g3f8d8c7c8e8g8c1b1a4a8a1b7h2g1b8g2h1h3h7g7h8
2021,Deutsche Meisterschaft,Affatigato Carlo,Neuhaus Sven,38,24,41,f5d6c4d3c3f4f6g5e6c5f3e3g4f7e7b5e2g6h6f8d2c2b3a4c1e1b4a3d1f1g1f2g3h4h5h7g7h3b2g2a6c6c7b6a7c8d7d8h1h8h2a5a2a1b1a8e8g8b7b8
2021,Deutsche Meisterschaft,Murawski Stefan,Gaertner Joerg,21,24,48,f5d6c3f4f6f3e3d2e2d3c4e6c5c6d1b5e7f1d7g5b6c1b1c2a5e8b4a3a4a6f8c8h5h6h7b3h4c7d8g8f7g6a7a8f2g4g3h2e1a1h3h8g7b7b8g1b2a2g2h1
2021,Deutsche Meisterschaft,Abe Tomoko,Sommer Christian,36,24,25,f5f6e6f4f3c5f7g4e3g5g6d7c4d3d2f8c8e7c6f2d6e2e1c3d8e8g8f1b4c1d1c2b3b5a4a6b6a7h5g3h3h4h6g7h8h7b7a8g2g1c7a2a3a5b2h1h2b1a1b8
2021,Deutsche Meisterschaft,Beyer Guenther,Czymara Andreas,34,24,42,f5d6c4d3c5f4e3c3d2c2e6e1e2f3c6f1g4g5h5h6h7f6g3h3g6b4f2b5b6c7d7a6c1d8b3g1a4f7e7g2a5e8g7a3b2b1a1a2c8h8h4b8d1b7h1h2g8f8a7a8
2021,Deutsche Meisterschaft,Czymara Andreas,Affatigato Carlo,13,24,22,f5d6c3d3c4f4f6g5g6e3e6c5h4b4b5c6a5a3g3b3c7d7e8a6a7b6c2f3e2h3g4f7f8h5h6h7e7c8a2a1d8g8g2b2a4a8b1e1f2c1d2d1g7h8f1h1b7b8h2g1
2021,Deutsche Meisterschaft,Berg Matthias,Beyer Guenther,44,24,38,f5d6c4d3c3f4f6g5e3f3g6e7f7e2e6c5h5f8g4g3d2h6b6b4f1f2h3b3e1c2d8d7a3h4d1h2g7b1c1g1e8c8g8g2c6c7b8a5a6b5a4b7b2a2a1h7h1a7a8h8
2021,Deutsche Meisterschaft,Sommer Christian,Gaertner Joerg,34,24,36,f5d6c5f4e3c6e6f7d7d2f2f3d3g5c4e7c1c8c7b6g4h3h4h5g3d8f6g6h7b5f8b3e8h2b4f1a5g8g7a3c3e2a6a4e1a7b8a8b7d1g1h8h6c2h1g2b2a2b1a1
2021,Deutsche Meisterschaft,Sommer Christian,Rossler Daniel,8,24,25,f5d6c5f4e3c6e6f6d7c7e7e8b6d3c4f8f3a6c2b5d8c3b4b3g3f7g8c8b8g4h5c1a5a4g6g5h4h6h7a7a2d2e2f1e1d1b1f2g1h2h3h8b7g7g2a8h1b2a3a1
2021,Deutsche Meisterschaft,Neuhaus Sven,Murawski Stefan,48,24,44,f5d6c5f4e3c6e6f3d3f6g4c4g5g3f2h3h5c2d2c3e2c1b4b5d1h6h4e1f1g1b3a5a4a3g6g2f7e7h1h2b1f8d8d7e8c8b2g8g7h7h8a2a6a7a1b6b8c7b7a8
2021,Deutsche Meisterschaft,Gaertner Joerg,Abe Tomoko,33,24,28,f5f6e6f4e3d6c4e2d7c6b5d3d2c5b4c3c2d1f1f2f3b3c1b1g3a4a5a6b6a7g4a3e1g1b2h3g6h5h4g5h6h7h2h1g2b7c7e8d8c8e7f8a8b8a2a1f7g7g8h8
2021,Deutsche Meisterschaft,Abe Tomoko,Neuhaus Sven,41,24,36,f5d6c5f4d3e3g4g5e6c4b4f6c7c3e7g6f7d7c6b3f3a4e2f8b6b5c8d8h5h6e8b8h4f1a5a6d1g8b7h3g3e1g1f2g2g7h8h7h2a7a8d2c2b1c1a3a2a1b2h1
2021,Deutsche Meisterschaft,Murawski Stefan,Czymara Andreas,20,24,15,f5d6c3d3c4f4f6g5e6c5f3e3g4f7e7d8e8g6c8f8g8h3f2d7h6h5d2g3c7b4g7d1h4h7b3h8e2h2a4b8b5a5a6e1c6b6a3c2a7g2h1g1f1b2b1a1c1a2b7a8
2021,Deutsche Meisterschaft,Affatigato Carlo,Berg Matthias,24,24,33,f5d6c3d3c4f4f6g5e6f7d7c7c6d8e3c5g4e7e8b3a3e2h5f2d2g6h6f8b5a5c2c1b4d1a6a4b6f3g7h4g8b7e1f1h3g3h2h8h7h1g1g2a2b2b8c8a8a7a1b1
2021,Deutsche Meisterschaft,Rossler Daniel,Beyer Guenther,30,24,35,f5d6c5f4e3c4e6c6d3g5f6f3g6e7f7h6e8e2d2f2c3c1g4b4e1d1h4f1h5h3d7c8b3b5c2h7d8a3g3f8c7b1a6b2a4b8g2a5g8h8g7g1h1h2a1a7a2b6a8b7
2021,Dutch Open 99,van den Berg Erwin,Zillig Remko,1,24,17,f5f6e6f4c3d6f3c5g4h3e7f7c6g3c4f2g5h6d7d8e8f8g6c8c7h7h5h4f1b8b7b5a6d3e3a8b6a4g8b4a7a5b3h8g7b2a3a2a1g2h2h1g1e1e2c2
2021,Dutch Open 99,Hobo Roel,Zillig Remko,30,24,32,f5f6e6f4g5d6d7e7f3g6g4f7f8h3g3h4c7c8d8c5h6h5h2e3d2e2d1c1b1g2c2e1c3c4d3a1h7e8g7b2h1c6b6b5a5h8g8f2b4a6b7a8b8a7f1g1b3a2a3a4
2021,Dutch Open 99,Zillig Remko,Ilbrink Jarl,46,24,45,f5f6e6f4e3c5c4d6b5d2e2c3d3c2d1b3b4a4c1f1e1b1a5a6a3a2b6a7c6f3g2d7g6g5g4h6h5h4g3f2d8e7c7c8b8h1e8f8g8f7h3b7h7g7h8a8a1b2g1h2
2021,Dutch Open 99,Helmes Jiska,van den Berg Erwin,35,24,23,f5d6c4g5c6c3d3d2c2f4d1b6f6e6d7g6b5c5b4a5a4e3a6e7f2e2f1e1f3b3a3c8d8e8g3g4h4h3h2c1b1c7f8g8f7a2a1b2h5h6h7g2b7a8b8a7h8g7g1h1
2021,Dutch Open 99,Hobo Roel,Helmes Jiska,37,24,34,f5d6c3d3c4f4f6g5e3f3g6e2h5c5g4d2g3f2c1d1c2h4e6b1f1d7e7f8e8b3c8c6h3f7b4b6e1g1c7a3b5a6d8h7h2g7h6h1h8b2g8b7g2a8b8a1a2a7a5a4
2021,Dutch Open 99,van den Berg Erwin,Dufour Mark,32,24,39,f5d6c3d3c4f4f6b4f3e6e3g5g6g4h4h5h6g3h3f7f8f2f1e2c2b3e1c1c5d1d2c6b1h2h1g1b2a1g2g7e7g8h8h7e8d7d8c7b6b5a6c8b8a4b7a8a7a5a3a2
2021,Dutch Open 99,Hobo Roel,van den Berg Erwin,19,24,27,f5d6c3f4f6g5e6f3e3c4g4d3h5e7d8h3f2e2h4g3d1h6g6f8d7f7c6c8e8c5c2d2c1b6b7c7b4b5b3a4a7a5a3a8a6f1h2h1g1g2e1b2b1a2b8a1h7g7g8h8
2021,Dutch Open 99,van den Berg Erwin,Helmes Sido,38,24,33,f5f6e6f4c3d6f3c5g4g3e7d7c6h3c4d3e3b6g6g5h6h4f7f8e8d8c8b8c7b5g7b4b3h5h7c2a4d2a5a6f2e2a7a2f1d1h2h8g2h1g1e1g8b7a8a3b2a1b1c1
2021,Dutch Open 99,van den Berg Erwin,Ilbrink Jarl,55,24,46,f5f6e6f4c3c4d3c5e3f3d6d2e2b4b3d1f1a3c6f2e1g1c1b1c2b5a5f7e7e8g4g3h3h4h5g5h6g2d7g6a6d8b6c7h7a4a2g7h8b7b2g8f8h1h2a8a7a1b8c8
2021,Dutch Open 99,Dufour Mark,Hobo Roel,27,24,28,f5d6c5f4d3c4e3c3e6c6d7c7b4f2e2g5g6f6f7f8e7b5h4f3a6b3b6h6g3g4h3f1e8h5h7c8d8a4d2a5c2a7e1b7g1d1c1g2a2g7h8g8h2h1a3a1b8b1b2a8
2021,Dutch Open 99,Ilbrink Jarl,Dufour Mark,8,24,29,f5d6c3f4e6d3c5f6c4e3d7c7e7c6d2f8b5c8f7b4e2f2g6g4h4f3g5g3b6h3a5a3h2h6f1a7b3a2d8e8g7h8h5g8h7h1g2g1b2b7b8a8a6e1a4b1a1c1d1c2
2021,Dutch Open 99,de Graaf Jan C.,Hobo Roel,24,24,33,f5d6c5f4d3c4c3c6e6b5e3f3d7d2e2e7e8d1b4c7f6d8a6a3a5f2g4g3h3g6f7g5f8b6c1h5h6g8h4b1a7g7f1b3b7c2c8a4h8h7a2a8b8a1b2g1e1g2h1h2
2021,Dutch Open 99,Helmes Sido,Hobo Roel,26,24,24,f5d6c3d3c4f4f6f3e6e7c6g6g5h6d8c5b4b5e3f7a4a3b6a5g4h5a6a7f8c7d7g3f2e8b7d2e2c2h3a8h4e1b3h2g8h8h7g7f1g1c1a2h1g2d1b1a1b2b8c8
2021,Dutch Open 99,Hobo Roel,Sneek Marcel,22,24,26,f5d6c5f4e3c6d3f3e6f6g4g3g5h3h4h5h6h7g6b4f7e7e8d7f2f1g1e1d1e2c7f8g8b8b5d8a3c2c4b6b3b1d2c3a7a6a5a4g2a8c1h2a1h1a2h8g7b2b7c8
2021,Dutch Open 99,Ilbrink Jarl,Sneek Marcel,37,24,40,f5d6c3f4e6d3c5b6c6b3b5g6f3b4a5c7c4f6a6e3c8f2d7e7a4a3a2b8a8a7b7a1f7b2h6e8d8g7h8h5f8g8h7g5g4h4g3h3h2g2h1g1f1e1d1e2d2c1b1c2
2021,Dutch Open 99,Dufour Daniel,Ilbrink Jarl,40,24,29,f5f6e6f4g6f7g5e7d6c4d7c5c6d8f8g4c7h5b4h6c3c8d3b5a6e3b6d2e8g8d1a3a5b8e2b3g3c2f3a4b7c1f2f1b1h2h3h4b2a1e1a2g2g1h1a7a8h7g7h8
2021,Dutch Open 99,Sneek Linda,Ilbrink Jarl,11,24,27,f5f6e6f4e3c5c6e7f7d3c3d7b5d6c4f2g5g6g3d2g4f3c8d8h5f8c7h6e1f1h7h4c2h8g8g7g2e2h3d1c1a5a4a3b4h1e8h2g1b1b2a1a2b3a6b6b7a7a8b8
2021,Hangzhou Open,Du Zhouzi,Song Yan,28,24,32,f5d6c3d3c4f4f6g5e6f7d7c5g3e3d2c1e2c6b5b6c7a5b4f3e7d1f1c2g6e1h4d8a4e8a6h3g4g1f8b7h2g7f2h5a8a7h8g8c8h1h7h6g2b8b1a3a2a1b3b2
2021,Hangzhou Open,Song Yan,Wang Zhen,33,24,32,f5d6c4d3c3f4f6g5e6f7c6c5c2e3f3e2g4f2d1b4g3h4g6e1f8c1b5d2a3e7b3d7d8b6c7a6a5h6h5b2h2h3a1a2b1c8b8g7f1h1b7g2h8h7g8e8g1a8a7a4
2021,Hangzhou Open,Zhao Jing,Song Yan,40,24,34,f5d6c3d3c4f4f6g5e3f3g4h5g3f2h6g6h4e2e6c5d2e7b6f7f1b5a6b4a5b3e1a4a3c1c2h2h3h7c6b1e8c7d8c8d7f8d1b7a8a7a1g2b8b2g1a2h1g8g7h8
2021,Hangzhou Open,Qiu Yifeng,Song Yan,21,24,22,f5d6c3f4f6d3c6g6e6c5c4f7g5d7e7e8c8d8f8c7d2b5b4b6f3a3e3h4b8b3g7g4h3h8b7g8a4e2d1f2g3e1f1c1b2g1h5a6a5c2b1a1a2h7h6g2h2h1a7a8
2021,Hangzhou Open,Xia Yake,Song Yan,27,24,32,f5d6c3f4f3g5f6e3f2c4d3e2c6g6e6g4h5d2h6e7h3c5b5f7d7c2e8f8g8c7e1d1b8f1b6d8c8g7b3b4a3h4g3a5c1b1g2a6a4a2b7b2h7h8g1h1h2a1a8a7
2021,Hangzhou Open,Wang Zhen,Du Zhouzi,40,24,28,f5f6e6f4e3d6g4d3c3h3c4g3g5g6e7d7h5f3h4h6c6e8f2c5b6a6f7b5c8c7b8b4b3d8a4a8f8f1a5g8g7e2c2d2d1a3b2e1c1a1g1b1g2h1h2h8h7b7a7a2
2021,Hangzhou Open,Zhao Jing,Wang Zhen,23,24,32,f5d6c3d3c4f4f6f3e6e7d7g6g5f7e8c5c6h6d2c8e3c7d8f8g3f2e1f1h4h5g2e2g4b3b4c1d1b6b5a5a6a3a4a7h7c2g7h8g8b7a8b8a2b2a1b1g1h1h2h3
2021,Hangzhou Open,Xia Yake,Qiu Yifeng,13,24,15,f5d6c4d3c3f4f6g5e6f7h5h6h7g6f3c5e3e7c7c6b5c8d8e8d7g3g4h3g8b6a6a4b4a3b3h4h2f8b8a2g7g2e2f2d2h8f1a8b2b7a7a5a1b1c2h1g1c1d1e1
2021,Hangzhou Open,Zhu Linyun,Qiu Yifeng,24,24,31,f5d6c5f4e3c6d3f6e6d7g3c4b4b3g5c3b5a5a4a3b6a6f7g6e7f8h6g4f3h5h4c2d8e2e1f2f1g2c8h2d2c7h1e8g8h3b1c1d1g1a2a1b2g7b8b7a8a7h8h7
2021,Hangzhou Open,Miyazaki Jun,Xia Yake,29,24,43,f5d6c5f4e3c6d3f6e6d7g3c4b4c3d2f3b5a5g4e2f2c2b3h4a6a7d1a4g6g5e7f8f7g8h6c1h5a3h3g7b2e1f1g1c8a1d8e8b7g2h1b1h2b8a2a8h7h8c7b6
2021,Hangzhou Open,Shi Peipei,Lv Chong,48,24,53,f5d6c5f6e6b4b5f4c6c7d7c4a3a6d3f7a5c8c3b3b6e2d2e3c2a4a7d1e8b2f1e1a2g1g3f3a1b7d8e7f8h3b1g8g4g5a8b8h8c1h1h2g2h6g6h4h5f2g7h7
2021,Hangzhou Open,Miyazaki Jun,Wang Bing,39,24,39,f5f6e6f4c3d7f3d6g5h6e7f8g4h3g6g3f7f2e8d8h4h5g7e3d3c4f1d2c2e1d1e2b5b4a5a6a7b1b6b2c6c1c8c7g8c5b3g1b8h8h7a4a1a8b7a3h1h2g2a2
2021,Hong-Kong International,Lee Chun Wai,Li Chun Wan,21,24,15,f5d6c3d3c4f4c5b4b3c2d2e3d7c1g3f6a4b5e6g4g6c6h3a5e2f3a3b6e1g5d1f1c7h4h5a2a7b1f2h6h7g1b2c8b7f7f8a1a6e7g2h1d8a8b8e8h2g8g7h8
2021,Hong-Kong International,Chow Ka Ming,Fu Velma,25,24,31,f5d6c5f4e3c6d3g5e6f6g3c4b4b3b6b5a5c3a4a3d2a7a2f3g4h5h4h3f2f1g2c1e1d1c2e2d7e7f8b7c7d8f7e8c8a6a8b8g1h1h6g6h2b2g7h7g8h8b1a1
2021,Hong-Kong International,Chow Ka Ming,Lee Chun Wai,22,24,36,f5f6e6f4g5g6g4e7e3f3g3h3d6h4c5d2e2d1c1c2e1d3c4c3b4f1g1f2e8b3a3c7d7c8d8f8g7b6f7h8h5h6c6b5b7a4a6a8b8a7a5a2g8g2h2h7b1h1b2a1
2021,Hong-Kong International,Fu Velma,Li Chun Wan,22,24,26,f5f6e6f4e3c5c6d6e7f7c3f3d7c4d3b6g6g5g3f8g4c7b3h6d8h5a6e8c8b5g8h2b4f2e2a5h4h3g7a4a3g2f1d1e1g1d2c1c2b1b2a1a2a7b7h8h7b8h1a8
2021,Kolkata Open Championship,Roy Amar,Sharma Anirudh,29,24,29,f5d6c5f4e3c6d3f6e6d7g4g3e7f3c4c7g5h4f2e2d8c2b5h6h5g6f1d1b1b3d2c3f7c8e8b6a6e1c1b7a3a4b4a5b2f8g7g8h8h7b8a1a2a8a7g1g2h1h3h2
2021,Kolkata Open Championship,Sharma Anirudh,Roy Amar,31,24,17,f5d6c4d3e6f4e3f3g4e7c7c5d7c3b5b6b4c6b3c8a6d8f8g3e8g8d2g6f6f7g5h5h4h3h7e2f1b7f2g2h2h1g1c2b1c1a8a1b8a2h8a7a5a4a3b2e1d1g7h6
2021,Kolkata Open Championship,Roy Amar,Sharma Anirudh,20,24,48,f5f6e6f4e3d6g4f3g3e2d3f2f1d1c4g5c7c6h6h4h2h3h5b4d2g6h7c1f7e7d8c8c3e8c5f8a4b6b5a5d7a3b3a2a6a7b7a8b8g7h8g8b2a1g1e1c2b1g2h1
2021,Kolkata Open Championship,Paul Tuhin,Jana Debajit,56,24,25,f5d6c5f4e3c6d3f3e6f7e7b5c4g5b4c7d7a4b6a7c3f6a5a6c8a3g6e8h5g4g8h4h3h6h7g3e2f2d2b3c2f1h2c1d1e1b7f8d8b8a8g7h8b2a2a1b1g2g1h1
2021,Kolkata Open Championship,Sharma Anirudh,Paul Tuhin,35,24,28,f5d6c4f4f6g5g6e3e6c5d3f3c3b4d7c6b3c7a4d8b5b6e7a5e8f8f7g8c8b8h5g4h3h4a6d2c2c1e1e2f1f2g1a3b7g2h1a8a7h2g3h7h6g7h8d1b2b1a2a1
2021,Kolkata Open Championship,Paul Tuhin,Sharma Anirudh,25,24,26,f5f6e6f4e3c5c4d6c6b5d7e7b6b3c3f3b4d8f7e2g5g6g4h5d2g3h4a6a3h3e1f2d3h6g7a5e8a4a7f1g1c1c8c2c7h8g2b2d1b1a1a2h7a8h2g8f8h1b8b7
2021,Kolkata Open Championship,Jana Debajit,Roy Amar,22,24,24,f5d6c6f4e6c5e3f3b4g6c4f6d3e7g4g3g5h5d7h4e8b5a6f7b6a5a4f8c7d8f2c8h3f1h6e2d2c3d1c1b1g7b3c2e1a1h8a2a3g1b2g2h1h2g8h7b8b7a8a7
2021,Kolkata Open Championship,Roy Amar,Jana Debajit,45,24,42,f5d6c6f4e6c5b4b5a4g5c4b6e3d3c3a5f3a3g6d7d8c7f6f7e8c8e7f8g3h5g4b3b7h4a7c2c1d2h3h2f2e1f1d1e2g2a6a8b8g1h1h6g7h7g8b1b2h8a2a1
2021,Meijin,Go Shinu,Abe Yura,17,24,26,f5d6c3d3c4f4f6f3e6e7d7g6d8c5c6c7c8f7d2f8g3b5e3e8g8c2g5g4h3d1h4h6b4f2e2b6b3e1h5h2c1h7a5b1g1b2g2g7b7a3f1h1a2a1a4a6a7a8b8h8
2021,Meijin,Takizawa Masaki,Yakushiji Kenta,30,24,25,f5d6c3d3c4f4f6f3e6e7f7c5b6g6e3e2f1d2e1b5a6b4a5c2g4g5b3d1c6h4e8g3d7f2c1c7d8c8b8g8g1b2f8a8a1b7b1g2a7a4a3a2h1h2h3h5h6h7g7h8
2021,Meijin,Urano Kento,Yakushiji Kenta,41,24,38,f5d6c3d3c4f4f6f3e6e7d7g6f8f7g5h6h4b4c2c6c7e2d2d8c5b3e3b5b6e8c8h5g4a6g3f2d1h3g8e1a4a2g7h8a5a3h7c1g1f1b1a7b7b2a1a8b8g2h2h1
2021,Meijin,Go Shinu,Hasegawa Takeshi,43,24,40,f5f6e6f4g5g6g4e7d7c5h6f7e8c8d8f8d6h3f3g3e3h4h5h7c6b5c4c7a6a4a5a7b6b3c3c2b7d2e2d1f2e1g2d3g1b4f1a8b8h1a3b2h2a2h8g8g7a1b1c1
2021,Meijin,Yakushiji Kenta,Kobayashi Ayumu,53,24,49,f5d6c3d3c4f4c5b3c2e3d2c6f2e6b4a3f7c1e2f3d1g5g3f6g4h4h6g6e7d7c7d8e8h3c8g8b1f1e1a1g1h1b2b7b8a8b6g2a7f8g7h2h8a5b5h7h5a6a4a2
2021,Meijin,Kawamura Kio,Yakushiji Kenta,26,24,27,f5d6c3d3c4f4f6f3e6e7d7g6f8f7g5g4h5c8d8c5c6e8b8g7d2c7b6b5a4e3b4c1e1c2h3d1b1a6a5a3b7e2b3a8a7g8h6h4f1f2h8h7g1b2a1a2g3g2h1h2
2021,Open Idf 1,Andriani Bintsa,Kashiwabara Takuji,28,24,23,f5d6c5f4d3e3g4g3e6h4e2f6g6c4f3g5h3c2b4c3d2b3a3e1b5c6f1c1c7d7d8e7f2d1h5e8b1c8f8h6b8b6a5f7g8g7b2a1a2g1h8h7g2a4a6h1h2a7b7a8
2021,Open Idf 1,Lazard Emmanuel,Kashiwabara Takuji,28,24,46,f5d6c3d3c4f4c5b3e2c6b4b5d7e3d2e7c2d8a3f3e6f1a4g6g4d1c1g5f6h5c7f7b6a6a5a2e1b1b7f2g2g3h3h4h6g7h8h7g1h1h2a8a7b8c8e8a1b2g8f8
2021,Open Idf 1,Kashiwabara Takuji,Levy Marc,35,24,28,f5d6c3d3c4f4e3f3g4f6e2d2e1c1c2d1b1b5c5b6c6b3f2e6b4a3a5h4a6c7a4a7d7a2g3c8e8d8b8e7f8f7h3h2g5g6b2f1g8a1h5h7h6g7h1b7h8g2g1a8
2021,Open Idf 1,Kashiwabara Takuji,Juhem Philippe,22,24,29,f5d6c3f4f6g5f3e7f7d3e3e2c4c5e6d2c2b3e1d1b4a3b6g6c7f8h5b5a4d7c6a5c8g3c1h4g4f2h3a6f1g2g7e8d8g1b7b1h1h2h7a8a7b8h6b2a1a2g8h8
2021,Open Idf 1,Kashiwabara Takuji,Touchene Fouad,51,24,37,f5d6c3d3c4f4f6g5e3f3g4h3f2g3h5e2c6f7f1b6e6e7g6h4h2c5b5a4d7c8b7c7a5d1d2c1e1g1h6a8a3b4b3c2b2b1b8g7a1a2h1a6h7h8a7g8f8e8g2d8
2021,Open Idf 1,Andriani Bintsa,Lazard Emmanuel,18,24,27,f5d6c5f4d3e3g4g5f2e2f3c2e6c4g3d2b4f6c3g6c7h4f1d1b1b5c6a4h5h3b3d7a3b6h2h6h7a5c8e8f7e7d8f8g8b7a8b8a7a6g2h8g7h1g1e1c1a1b2a2
2021,Open Idf 1,Andriani Bintsa,Levy Marc,43,24,27,f5d6c5f4d3e3g4g5f3c4e6f6e7g3g6d7b5b3c6b6c3c7d8e8f8c8f7a4b8h7h4h3h5d2e2b4f2c2h2e1a6f1a5h6h8a7g2g8g7h1d1c1g1a8b7a2b2a3a1b1
2021,Open Idf 1,Juhem Philippe,Andriani Bintsa,10,24,47,f5d6c3g5c6c5f6f4e6c4b5a5e3c7g6f3d3e2c2e7b4a4g4h3d7e8f8d8f7g8b6d2d1e1c1h6h4h5g3b1f2h2a3a2b3b2a6a7b8f1g2c8h8h1g1
2021,Open Idf 1,Touchene Fouad,Andriani Bintsa,30,24,31,f5d6c4d3c5f4e3f3e2c2g4c3f2g5d2h3e6f6c7g3e7c1d1d8f8b4b5f1b1e1g1e8c8b3a4d7c6a6a5b6a7a2g6f7h5h4h6g2h1h2g8g7a3a8h8h7b8b7b2a1
2021,Open Idf 1,Levy Marc,Lazard Emmanuel,39,24,43,f5d6c4d3c3f4c5b3c2e3d2b6b4e6c6b5d7e2f6e7g4g3f3c8c7f2e1c1f1d1h3g6g5h4f8e8d8g8f7g1g2h1h2g7h6h5h8h7b8b7a7a6a8a5a4a3a2a1b2b1
2021,Open Idf 1,Juhem Philippe,Lazard Emmanuel,38,24,37,f5d6c3d3c4f4c5b3c2e3d2b6b4e6c6b5d7f7f2e7f6e2a6g6e8d8c8f8c7b8a3g5f3g4f1a5a4b7g3g2h4h2h5b1c1h6h7e1d1h3h1g1a1g7h8g8a8a7a2b2
2021,Open Idf 1,Lazard Emmanuel,Touchene Fouad,41,24,43,f5d6c3d3c4f4c5b3c2b4c6d2e6c1a4g6f3f6e3e2g5h4f2g3g4f1f7f8h5h6h2d7e7d8c8a3e8a5b5a6c7h3h7g7h8g8b2b7a2a1g2b8g1h1a8b6b1d1e1a7
2021,Open Idf 1,Levy Marc,Juhem Philippe,34,24,30,f5d6c4g5c6c5f6f4e6f7g3e7g4f3h5d3g6e3d7h3c3b6b5c7a6h4h2h7g2f2e1b4a5b3c2a3d2f1g1e2d1c1b1a4a2h1h6a1b2a7g8g7h8f8e8b8c8d8b7a8
2021,Open Idf 1,Levy Marc,Touchene Fouad,39,24,37,f5d6c4d3c3f4c5b3c2b4e3f3d2e2b6g6a5a4e1a6b5c7d7c6e6f2c8c1g5h6g4f7e7f8e8f6h4h3h2h5h7f1g1g7g8d1b1b2a7a8a1g2h8d8a2b7a3b8g3h1
2021,Open Idf 1,Touchene Fouad,Juhem Philippe,25,24,17,f5d6c4g5c6c5d7d3b4c3e3b5a4f2f4b3b6c7g6f3e2e6d2g4f7f6e7g3h6h5f1a6h3a5a3a2g7c1c8h4c2g2b2g1a7a8h1h2b7b8d8e8f8g8h8h7b1a1e1d1
2021,Open Idf 2,Andriani Bintsa,Tastet Marc,19,24,23,f5d6c4d3c5b4c3e3d2f4b5c2g4c1e6b3f2f3a4c6e1d1a3a6a5b6e7d7a7b2a1f8d8f7f6f1c7e8g8b8b1a2e2a8g1b7c8g2h3h1g3h4h5g6g5h8g7h7h6h2
2021,Open Idf 2,Tastet Marc,Levy Marc,34,24,31,f5d6c5f4e3c6d3f6e6d7g3c4b4b3g5c3b5a5a4a3b6a6d8e7c7e8f8c8f7g8a7a8b8b7h8d2g7e2d1c1f1e1b1g4g6f3h3c2f2g2b2h2h1g1h4h5h6h7a1a2
2021,Open Idf 2,Tastet Marc,Busuttil Michel,47,24,31,f5f6e6f4g5e7f7c5f3g4e3h5g6g3e8d2e2d7h6f8h4h3g8h7d6c6c3c4c1c2b3a3d3b4b1d8c8f1f2d1e1a1c7g1g2b8a8h1h2g7b7a7b6a6a5b5a4a2b2h8
2021,Open Idf 2,Levy-Abegnoli Thier,Tastet Marc,23,24,28,f5d6c3d3c4f4c5b3c2e6c6b4b5f6d7d2g3c1g5c7a4a3b6c8e8a5a6a7d1e7f7g8g6e2b1e3f3e1f1f2g1g4f8d8b2h3h5h6h4g7h8h7b8a1a2h1a8b7h2g2
2021,Open Idf 2,Tastet Marc,Lecat Monique,48,24,46,f5f6e6f4g5e7f7h6e8g6g4c6h4d6d7h5h7c8c7g8b5b8c5c4b6a6a4b4a3b3a5b7d8f8c2b2f3f2d3c3g3h2a8a7e1c1h8f1d2d1a1a2g7e3e2h3h1b1g1g2
2021,Open Idf 2,Levy Marc,Andriani Bintsa,13,24,26,f5d6c4d3c3f4c5b3c2e3d2c6b4b5b6e2e7d7a4f3g4e6f7f6f1e1g3d1c1f2c8g5h6e8g1f8c7a6g6a2d8b8a5a3b7b2b1h4h3a1h5h1g2h2g7a7a8h7g8h8
2021,Open Idf 2,Busuttil Michel,Andriani Bintsa,18,24,30,f5d6c3d3c4b3c5b4b6c6b5e6a4a3d2a5a6a7c2e2e3c1f1d1e7f8c7c8e8d8b1d7b2f7e1g5f6g6h5f4g7f3g3h8f2h7g8g4b7a2h3a1b8g2g1h1h2a8h6h4
2021,Open Idf 2,Andriani Bintsa,Levy-Abegnoli Thier,16,24,17,f5f6e6f4g6d6e3f3d3g5c5c4b5b3c3d7e7b4h4c6g4c7d8f2e2c2g3a6a5a4c1b6c8d1e1d2b1f7e8h5h6g7a3b2f8h8g8b8a1h7b7a8a7h3h2g2h1g1a2f1
2021,Open Idf 2,Andriani Bintsa,Lecat Monique,53,24,27,f5f6e6f4e3c5g5g4g6e7f3f2d6e2g3h3f1h6c6f7h5h4b5c4d7a6a4c8f8d8e1d2b3a5d3a3b4b6g7d1c1c2c3b2a1g1h1h8h7b1h2g8e8a2a7b7a8b8c7g2
2021,Open Idf 2,Levy Marc,Busuttil Michel,32,24,37,f5f6e6f4g5e7e3g6d3f3g4g3h4h5h6c5c6c7h7c4f7f2d8f8d2c2c3d7f1d1d6e1c1b3b5b6e2a5b4a4g1c8b8b2a7a6b7a8e8b1a1g2a2a3h1g8h3h2h8g7
2021,Open Idf 2,Levy-Abegnoli Thier,Levy Marc,17,24,19,f5d6c3d3c4f4c5b3c2e3d2c6b4a3g3e6f2c1f6d1e7f3b5a4d7b6e2g4a5a6c7e1h3h5g5c8b8a8b1a1f1d8g2e8a7b7f7f8g6g1g7h1h2h4a2h7h6b2h8g8
2021,Open Idf 2,Lecat Monique,Levy Marc,25,24,17,f5d6c5f4e3c6d7b5b4e6f6d3c7g5h6g6c4c3e2d2c1g3f7e7f8h4f3a5a6f1d1f2h7g4h2e8d8h3h5g7a4b3a3e1h8b1g1h1g2g8c2b2a1a2a7b6b7a8b8c8
2021,Open Idf 2,Busuttil Michel,Levy-Abegnoli Thier,38,24,49,f5f6e6f4e3c5c4e7c6e2f3d3f2c3g4d6e1b3b4b6d2a3a5b5g6c2f7g5h6f8b1h3h5g3h4d1h2f1d8g7e8c8d7g8b2c7a4a6a2h7h8a1c1g2b8b7a7a8g1h1
2021,Open Idf 2,Lecat Monique,Busuttil Michel,26,24,21,f5f6e6f4e3c5c6d3f3e7g4d6c2d2c3e2f1e1d1g5f7h4h3f2g3g6h5h6h7f8c7d7b6b4a5b5c4a6e8c8d8a4b7a3g7c1b1h8g8h2b3g2g1b8a8a7a2h1a1b2
2021,Open Idf 2,Lecat Monique,Levy-Abegnoli Thier,27,24,33,f5f6e6f4e3c5c4e7g4f3g5d3c2c6d6g6d7c3b6f7b5b4c7a5d2e2a3a4a6d1e8c8b3d8b8b7e1f1f2c1f8g7a8a7b2a1a2b1h5g1g2h1g3h2h8h3h4g8h7h6
2021,Parties hollandaises,Zillig Remko,Hobo Roel,6,24,5,f5f6e6f4g6c5g4f7d3g5d6e3f3e2c4g3h5c6b6c2f2c3b3d2f8h6c1h4h3h2d1f1g2e1g1d7e7c7e8a3c8h1b2a1a2b1a4b4b5b7a5d8g7h8h7g8b8a8a7a6
2021,Parties hollandaises,Zillig Remko,Hobo Roel,37,24,49,f5f6e6f4e3c5c4d6b5c3d3f3g5g6g4b4b6c6f7h3e7h6a3c7d7f8b3b7c2a4a5c1h5a6h7c8a8a7b8d8h4h8e8g7f2g3d2d1e2g1e1f1h2h1g2b2a1a2b1g8
2021,Parties hollandaises,Zillig Remko,Ilbrink Jarl,56,24,59,f5f6e6f4e3c5c4d6b5d3c3b4c6a5b6d7a6b3a4a3a2e2f1d2e1c1c2b1f3b2d1g1g4f2g5g6a1h3h1h4g2g3f7e8e7c7d8c8h2a7f8g8h7h5h6g7h8a8b7b8
2021,Parties hollandaises,Hobo Roel,van den Berg Erwin,38,24,34,f5d6c3f4f6g5e6f3c5g6e3c4e7d7g3g4f7d2h6e8c6e2h3h4h5f8d3b5c8b4c1e1f1g1b3c2a3f2d8b8c7a5b1b7a4g2a6b6b2g7h8h7d1a1a2a7a8h2h1g8
2021,Parties hollandaises,Ilbrink Jarl,Hobo Roel,6,24,15,f5f6e6f4g5e7f3d6c5e3c4g4g6h5f7d7e8h6d8d3h3c3f2f8g8b4d2c2a4h4g3h2e2f1b3c1d1e1g2b1g7g1b2a5b5h7a6h8c8c7b7b8h1b6c6a8a7a1a2a3
2021,Parties hollandaises,Dufour Mark,Hobo Roel,28,24,38,f5f6e6f4g5e7f7d6f3g6d8h5e3d7c3d3c4c5c8e2g4b4c7c6h4f8e8b8c2d2e1f1c1d1g1h3g7f2b6a5b3a3a6b7b2g2h2h1g3a7a8b5g8a2a4b1a1h6h7h8
2021,Parties hollandaises,Hobo Roel,Dufour Daniel,42,24,30,f5d6c3d3c4f4f6f3e6e7d7g6d8c5c6b4b3f7a3b5a4a6g5h6f8c2c1c7a5a2e3b6g4e2d2f2h4e1g3h2h3h5d1c8b7b1b8g7f1g1h8g8h7a8a7e8a1g2h1b2
2021,Parties hollandaises,Hobo Roel,Zillig Isabel,52,24,59,f5f6e6f4g6d6g4g5f3e3e2g3c3c4d3d2b5b4c5c6a4a3f2a5c1e7f7d7c2e1b3f8h3d1g7h6h8b1h4g8e8h5d8c8f1h2h7g2b6a6a1h1g1b7c7a7a8b2a2b8
2021,Parties hollandaises,Hobo Roel,Ni Haifang,55,24,52,f5f6e6f4g6e7f7g5h5d6f3g4d8h7c5c4d7c7h3h4g3b4h6e8e3c8d3d2c2f2c1d1e1e2f1g2h8g8c6g7h1h2f8b5c3b3b2a2b1b8b7g1a4a3a5a6a8a7b6a1
2021,Parties hollandaises,Ilbrink Jarl,van den Berg Erwin,26,24,43,f5f6e6f4g6f7g5h4g4e7f8h5d8h3d6c5c4c6e3f3c3d7d3h6c8e8b5d2c2b6c7a5b4a4b3e2a3a2a6a7b7d1c1b1f1a8b8e1a1b2f2g3h2h1g2g1h7h8g7g8
2021,Parties hollandaises,Ilbrink Jarl,Dufour Mark,33,24,34,f5d6c3f4e6f6c5d3e3f3g4e2g5g6d2c6f7h3h5h7e1g3f2b5c4d7e7e8c8f8d8b8c7b4b6c2h6h4g2a6b3c1a4a2a3a5b7a8a7h1h2g1h8b2a1f1g8b1d1g7
2021,Parties hollandaises,Ni Haifang,Ilbrink Jarl,27,24,27,f5f6e6f4g3g4e3d3g5e7f3g6d6e2d7h3d8h4c3c4c2d2b4c5b5f7h6e8f8c8d1g8c7b8c6b6e1a5a4a3b3f2f1c1b1a6h5g2h1g1h2a2b7g7b2a1h7h8a8a7
2021,Parties hollandaises,Ilbrink Jarl,de Boer Lawrence,47,24,52,f5f4e3f6d3e2g4c5e6e7c4d2d6h4e8g5e1c6h5b4h3f3f2g3f7f8d7g6h6f1g1d8d1g7a4g2h8h7g8h2c8c3c7b7h1a3c1c2b1a5b5b6b8b2a1a2b3a7a6a8
2021,Parties japonaises,Otaka Tomoki,Kano Chihiro,30,24,31,f5d6c5f4e3c6d3f6e6d7g3c4b4b3g5c3b5a5a4a3b6a6f7g6e7f8c8d8h6g4f3h5e8b8c2d2c7f2e1d1e2h3c1g1b2a1f1b1a2h7h4g8h8g7h2b7a8a7g2h1
2021,Parties japonaises,Ogura Ryutaro,Kano Chihiro,26,24,27,f5d6c3d3c4f4c5b3d2c6f3e6b5b4b6a6c2a4f7f6e7d1g5e1c1b1e2f1e3f2c7g3h3d8a5d7a3a2b8c8e8g4g6h5h6h4h2h1g1g2a1b2b7h7g7h8a7a8g8f8
2021,Singapore Championship,Koh Bo Xiang,Leong Chee Kit,23,24,24,f5d6c5f4e3c6d3g5f6f3g6c3e7d7d8c4b6e6b5g4f7f8e8c8g7c7b3a4d2b4a6a3c2a5a2d1h5h8g8h7h6h4f2e2f1e1c1b2g3h3g2g1a1b1h1h2b8a8b7a7
2021,Singapore Championship,Leong Chee Kit,Koh Bo Xiang,34,24,35,f5d6c3f4f6c4e3f3d3e2c6f2e6c2g4h4d2e1b4b5a4a6b6c5b3g5c1a2g6d1h5a7a3a5b2c7h3a1b1e7f7f8d7d8g3g2b7a8g7h8g8h7h6h2e8c8h1g1f1b8
2021,Singapore Championship,Tay Yi An,Kurniawan Samuel He,6,24,4,f5d6c3d3c4b3c5b4b6c6b5e6d2a5e7a6d7e1a4e2a7c7f1g1c8f2c2d8e8b1e3a2a3a8d1c1g2h3b2g3h2h1h4b7a1b8f8f7g7g8h8h7h6f6h5g4g6f3f4g5
2021,Singapore Championship,Kurniawan Samuel He,Tay Yi An,28,24,33,f5f6e6f4f3c5c6e7d3e3c4d6g5g4c3b5d7c8e8b4f8g3f7e2b3c2a5a6a3c7g6d8b8h5b6b7c1a4d2d1e1f1g1h6f2b2a1b1a2h1h2h4g2h3a7a8h7h8g8g7
2021,Singapore Championship,Tay Yi An,Kurniawan Samuel He,39,24,40,f5d6c3d3c4b3c6f4e6c5b5g6f3b6g5d7e3b4c7e7c8f6d8f8a6h5f7g4g3d2h6h7h4h3a5g8c2d1a4g7a3b2e2f2e1f1a1a2h8e8h2g2b1b8a8c1g1h1b7a7
2021,Singapore Championship,Kurniawan Samuel He,Ho Randall,37,24,31,f5d6c5f4e3c6d7f6e6d3f3b5c4c7a5e2e7b6b4c3a6f8e8a3d8f7g8f2g4h4g5h5g3h3g6b8e1f1h6d1h2b7a4b3a8c8a7h8g1h1g2h7g7d2a2b2b1a1c1c2
2021,Singapore Masters,Koh Bo Chao Alex,Leong Chee Kit,36,24,33,f5d6c3d3c4f4f6b4f3e6e3f2d2g5g6g4h4h5h6g3h3c1c7c6e2d1b5c2c5f7f8b3a4a3b6a5a6d7a2b2a1b1e1c8e8f1g2h2h1g1e7d8b8h7h8g8g7a8a7b7
2021,Singapore Masters,Leong Chee Kit,Koh Bo Chao Alex,40,24,36,f5f6e6f4g6c5g4e7f3h6f7g5h5h4d6f8c4c6d3e3b5a5g3b4d8c3d7h7c7c8b8f2b6a6h2g7e2f1d1d2h8h3g2b7a8a7b3a3a4g8e8g1h1a2e1c1c2b1a1b2
2021,Singapore Masters,Leong Chee Kit,Koh Bo Chao Alex,26,24,32,f5d6c5f4e3c4e6f6d3c6b3f3g4e2d2c3b4b5c2d1c1f2g3a3a5a2a6b1e1b2a1a4g6h6b6g5h5h4h3h2e7d7g7f7e8b7c7b8c8h8f8d8a8a7h7g8h1g1g2f1
2021,Singapore Masters,Kurniawan Samuel He,Leong Chee Kit,16,24,24,f5d6c5f4e3c6d7e6f6c8d3f3g4c4g3g5e7g6h6h5f7h3d8d2e2c7d1e1f1c3b4b5b3a4a5b6a3f2a6h4g2g8c2h1b7a8b8a7e8f8g7a2b2a1g1h2c1b1h7h8
2021,Singapore Masters,Kurniawan Samuel He,Goh Jun Jie Anthony,29,24,34,f5f6e6f4f3c5c6e3g5e7d7g6g4h5e8f2h6h4b5d6c4b4d3c7b6f8f7c8d8c2a3b7h3g3d2d1e2c3f1e1h2g1b2a5b3a4c1a1h1g2a7a6a8b8a2h7g7b1h8g8
2021,Singapore Masters,Low Kang Sheng,Kurniawan Samuel He,31,24,34,f5d6c5f4e3g5f3c4e6d3d2f6c3c6d7c7e7e8d8c8g3f7h5e2g6c1f2h4h6h7f1g4h3h2d1b5a5b3b4c2a4a2b6a6a7b7g2h1g1a3a8b8g7h8f8g8a1e1b2b1
